<?xml version="1.0" encoding="UTF-8"?>
<krpano version="1.19">

  
  <!-- Spot Style - Default Polygon Spot Style -->
  <style name="PolygonDefaultPolygonSpotStyle"
           visible="false"
           bordercolor="0xffffff"
           fillcolor="0xffffff"
           borderwidth="1"
           borderalpha="0"
           fillalpha="0"
           capture="false"
           onhover="onhoverPolygonDefaultPolygonSpotStyle"
           onover="onoverPolygonDefaultPolygonSpotStyle"
           onout="onoutPolygonDefaultPolygonSpotStyle"
           />
  <action name="onhoverPolygonDefaultPolygonSpotStyle">
    showTooltip('hotspot');
  </action>

  <action name="onoverPolygonDefaultPolygonSpotStyle">
    set(borderwidth, 1);
  </action>

  <action name="onoutPolygonDefaultPolygonSpotStyle">

    set(borderwidth, 1);
    hideTooltip();
  </action>



    
  <!-- Spot Style - Open website -->
  <style name="IconOpenwebsite"
         url="%FIRSTXML%/spots/hotspot_information_sequence_user_defaultpoint4.png"
         visible="false"
         frame="0"
         lastframe="17"
         framewidth="40"
         frameheight="40"
         stopspotsequence="false"
         crop="0|0|40|40"

         onloaded="startspotanimation(0.1);"
         onhover="onhoverIconOpenwebsite"
         onout="onoutIconOpenwebsite"


         />

  <action name="onhoverIconOpenwebsite">
    showtooltip('hotspot');
  </action>


  <action name="onoutIconOpenwebsite">
    hideTooltip();



  </action>



  
  <!-- Spot Style - Default Polygon Spot Style -->
  <style name="PolygonDefaultPolygonSpotStyle"
           visible="false"
           bordercolor="0xffffff"
           fillcolor="0xffffff"
           borderwidth="0"
           borderalpha="0"
           fillalpha="0"
           capture="false"
           onhover="onhoverPolygonDefaultPolygonSpotStyle"
           onover="onoverPolygonDefaultPolygonSpotStyle"
           onout="onoutPolygonDefaultPolygonSpotStyle"
           />
  <action name="onhoverPolygonDefaultPolygonSpotStyle">
    showTooltip('hotspot');
  </action>

  <action name="onoverPolygonDefaultPolygonSpotStyle">
    set(borderwidth, 0);
  </action>

  <action name="onoutPolygonDefaultPolygonSpotStyle">

    set(borderwidth, 0);
    hideTooltip();
  </action>



        
  <!-- Video Spot Style - Default Video Spot Style -->
  <style name="RectVideoDefaultVideoSpotStyleLoader" url="%FIRSTXML%/spots/loadanimation.png" crop="0|0|64|64" ypos="0" frame="0" distorted="true" visible="false" />
  <style name="RectVideoDefaultVideoSpotStyle"
         capture="false"
         visible="false"
         distorted="true"
         scale="1.0" 
         url="%SWFPATH%/graphics/videoplayer.swf"
         alturl="%FIRSTXML%/graphics/videoplayer.js"
         loop="true"
         autoresume="true"
         pausedonstart="true"
         pausedonstart.android="false"
         pauseothersounds="false"
         canstart="false"
         onhover="onhoverRectVideoDefaultVideoSpotStyle"
         onout="onoutRectVideoDefaultVideoSpotStyle"
         onvideoready="onvideoreadyRectVideoDefaultVideoSpotStyle"
         />
  <style name="RectVideoDefaultVideoSpotStyle" 
    directionalsound="true" 
    range="90" 
    devices="flash" 
  />
  <style name="RectVideoDefaultVideoSpotStyle" 
    directionalsound="false" 
    devices="html5" 
  />
  <style name="RectVideoDefaultVideoSpotStyle" 
    stateVideo="startplaying" devices="no-ios" 
  />
  <style name="RectVideoDefaultVideoSpotStyle" 
    stateVideo="startpaused" devices="ios" 
  />
  <action name="onhoverRectVideoDefaultVideoSpotStyle">
    showTooltip('hotspot');
  </action>
  <action name="onoutRectVideoDefaultVideoSpotStyle">
    hideTooltip();
  </action>
  <action name="onvideoreadyRectVideoDefaultVideoSpotStyle">
    set(isVideoReadyForPlaying, false);
    if (isvideoready,
      if (canstart,
        set(isVideoReadyForPlaying, true);
      );
    );
    if(isVideoReadyForPlaying,

    if(tour_displayspots,
      if(ispaused,
        if(stateVideo == "startplaying",
          set(stateVideo, "playing");
          play();
        );
      );
    );
    if(device.flash,
      if (tour_soundson,
        div(volume, tour_soundsvolume, 100);
      ,
        set(volume, 0);
      );
    ,
      ifnot(device.ios,
        if (tour_soundson,
          js(kpanotour.Sounds.startVideosSounds(get(volume)));
        ,
          js(kpanotour.Sounds.stopVideosSounds());
        );
      );
    );
    onvideoreadyspecific();
    ,

      delayedcall(0.5,onvideoreadyRectVideoDefaultVideoSpotStyle());
    );
  </action>
  <action name="animatevideospotloaderRectVideoDefaultVideoSpotStyle">
    if(hotspot[%1],
      if(hotspot[%1].activated,
        set(hotspot[%1].visible, true);
      );
      inc(hotspot[%1].frame,1, 11,0);
      mul(hotspot[%1].ypos, hotspot[%1].frame, 64);
      txtadd(hotspot[%1].crop, '0|', get(hotspot[%1].ypos),'|64|64');
      delayedcall(%2, 0.1, animatevideospotloaderRectVideoDefaultVideoSpotStyle(%1, %2) );
    ,
      stopdelayedcall(%2);
    );
  </action>
  <action name="stopvideospotloaderanimationRectVideoDefaultVideoSpotStyle">
    removehotspot(%1);
  </action>




  
  <!-- Spot Style - Default Polygon Spot Style 1 -->
  <style name="PolygonDefaultPolygonSpotStyle1"
           visible="false"
           bordercolor="0xff0000"
           fillcolor="0xffffff"
           borderwidth="3"
           borderalpha="1"
           fillalpha="0"
           capture="false"
           onhover="onhoverPolygonDefaultPolygonSpotStyle1"
           onover="onoverPolygonDefaultPolygonSpotStyle1"
           onout="onoutPolygonDefaultPolygonSpotStyle1"
           />
  <action name="onhoverPolygonDefaultPolygonSpotStyle1">
    showTooltip('hotspot');
  </action>

  <action name="onoverPolygonDefaultPolygonSpotStyle1">
    set(borderwidth, 3);
  </action>

  <action name="onoutPolygonDefaultPolygonSpotStyle1">

    set(borderwidth, 3);
    hideTooltip();
  </action>



    
  <!-- Spot Style - Open website 1 -->
  <style name="IconOpenwebsite1"
         url="%FIRSTXML%/spots/hotspot_information_sequence_user_defaultpoint8.png"
         visible="false"
         frame="0"
         lastframe="17"
         framewidth="40"
         frameheight="40"
         stopspotsequence="false"
         crop="0|0|40|40"

         onloaded="startspotanimation(0.1);"
         onhover="onhoverIconOpenwebsite1"
         onout="onoutIconOpenwebsite1"


         />

  <action name="onhoverIconOpenwebsite1">
    showtooltip('hotspot');
  </action>


  <action name="onoutIconOpenwebsite1">
    hideTooltip();



  </action>



    
  <!-- Spot Style - Open website 2 -->
  <style name="IconOpenwebsite2"
         url="%FIRSTXML%/spots/hotspot_information_sequence_user_defaultpoint17.png"
         visible="false"
         frame="0"
         lastframe="17"
         framewidth="40"
         frameheight="40"
         stopspotsequence="false"
         crop="0|0|40|40"

         onloaded="startspotanimation(0.1);"
         onhover="onhoverIconOpenwebsite2"
         onout="onoutIconOpenwebsite2"


         />

  <action name="onhoverIconOpenwebsite2">
    showtooltip('hotspot');
  </action>


  <action name="onoutIconOpenwebsite2">
    hideTooltip();



  </action>



<action name="setViewNormal">
	stopSetViewTweens();
	if(current_view_isflat === true,
		setViewNonFlat(VFOV);
	);
	setViewNormalComplete();
</action>

<action name="setViewNormalComplete">
	set(view.fisheyefovlink, 0.5);
	set(view.fovmax, get(panoview.fovmax));
	tween(view.architectural, 0.0, distance(1.0, 0.45));
	tween(view.pannini, 0.0, distance(1.0, 0.45), easeOutQuad, if(panniniViewActivated,restoreViewFromPannini();););
	tween(view.vlookat, get(panoview.v), distance(90, 0.45));
	tween(view.fov, get(panoview.fov), distance(50, 0.45));
	tween(view.fisheye, 0.0, distance(1.0, 0.45),
		set(view.stereographic,false);
	);
</action>

<krpano normalViewActivated="true" />
<action name="stopSetViewTweens">
	stoptween(view.fov);
	stoptween(view.vlookat);
	stoptween(view.fisheye);
	stoptween(view.architectural);
	stoptween(view.pannini);
</action>

<action name="setViewArchitectural">
	if(normalViewActivated,stopSetViewTweens(););
	if(current_view_isflat === true,
		setViewNonFlat(VFOV);
	);
	setViewArchitecturalComplete();
</action>

<action name="setViewArchitecturalComplete">
	set(view.fovmax, get(panoview.fovmax));
	set(view.fisheyefovlink, 0.5);
	tween(view.architectural, 1.0, distance(1.0, 0.45));
	tween(view.pannini, 0.0, distance(1.0, 0.45), easeOutQuad, if(panniniViewActivated,restoreViewFromPannini();););
	tween(view.fisheye, 0.0, distance(1.0, 0.45), easeOutQuad, 
		set(view.stereographic,false);
		tween(view.vlookat, get(panoview.v), distance(90, 0.45));
	);
	tween(view.fov, get(panoview.fov), distance(50, 0.45));
</action>

  <!-- Fullscreen Management -->
  <action name="exitFullScreen" devices="fullscreensupport">set(tour_fullscreen,false);js(setFullscreen(false));</action>
  <action name="enterFullScreen" devices="fullscreensupport">set(tour_fullscreen,true);js(setFullscreen(true));</action>
  <action name="switchFullScreen">if(tour_fullscreen,exitFullScreen();,enterFullScreen(););</action>

  
  <events name="krpanoExitFullscreenEvent"
    onexitfullscreen="if(tour_fullscreen,exitFullScreenChangeEvent(););"
    keep="true" />

  <action name="exitFullScreenChangeEvent" devices="fullscreensupport">set(tour_fullscreen,false);events.dispatch(onexitfullscreen);</action>
  <action name="enterFullScreenChangeEvent" devices="fullscreensupport">set(tour_fullscreen,true);events.dispatch(onenterfullscreen);</action>
  <action name="exitFullScreenFallback">set(fullscreen,false);</action>
  <action name="enterFullScreenFallback">set(fullscreen,true);</action>
  
  <action name="resizeFullScreenEvent">delayedcall(0,updatescreen(););</action>

<action name="viewControlZoomIn">
	if(%1,
		if(%2,
			if(%2 LT view.fovmin,
				zoomto(get(view.fovmin));
			,
				if(%2 LT view.fov,
					zoomto(%2);
				);
			);
		,
			set(fov_moveforce, -1);
			delayedcall(0.1, viewControlZoomStop());
		);
	,
		set(fov_moveforce, -1);
	);
</action>
<action name="viewControlZoomOut">
	if(%1,
		if(%2,
			if(%2 GT view.fovmax,
				zoomto(get(view.fovmax));
			,
				if(%2 GT view.fov,
					zoomto(%2);
				);
			);
		,
			set(fov_moveforce, +1);
			delayedcall(0.1, viewControlZoomStop());
		);
	,
		set(fov_moveforce, +1);
	);
</action>
<action name="viewControlZoomStop">
	set(fov_moveforce, 0);
</action>

  <!-- Hide / Show Controls -->
  <action name="hideTourControls">set(tour_displaycontrols, false);events.dispatch(hidetourcontrols);</action>
  <action name="showTourControls">set(tour_displaycontrols, true); events.dispatch(showtourcontrols);</action>


  <!-- Tour Information -->
  <action name="hideTourInfo">set(tour_displayinfo, false);events.dispatch(onhidetourinfo);</action>
  <action name="showTourInfo">set(tour_displayinfo, true); events.dispatch(onshowtourinfo);</action>


<action name="setViewLittlePlanet">
	set(sceneisfull360, false);
	if(scene[get(xml.scene)].full360,
		sub(viewhfov, panoview.hmax, panoview.hmin);
		if (viewhfov == 360,
			sub(viewvfov, panoview.vmax, panoview.vmin);
			if (viewvfov == 180,
				set(sceneisfull360, true);
			);
		);
	);
	if (sceneisfull360 AND (device.webgl OR device.flash),
		if(normalViewActivated,stopSetViewTweens(););
		if(current_view_isflat === true,
			setViewNonFlat(VFOV);
		);
		setViewLittlePlanetComplete();
	);
</action>

<action name="setViewLittlePlanetComplete">
	set(backtonormalfirst,false);
	if(view.pannini GE 1.0, set(backtonormalfirst,true));
	if(view.stereographic == false, set(backtonormalfirst,true));
	if(backtonormalfirst, hideTooltip();tween(view.fisheye, 0.0 ,distance(1.0, 0.25), easeOutQuad, WAIT); );
	set(view.stereographic, true);
	set(view.fisheyefovlink, 1.5);
	tween(view.architectural, 0.0, 0.25);
	tween(view.vlookat, 90, distance(179, 1.50));
	tween(view.pannini, 0.0, distance(1.0, 0.75), easeOutQuad, if(panniniViewActivated,restoreViewFromPannini();););
	if(panoview.fovmax LE 150, set(view.fovmax, 150); , set(view.fovmax, get(panoview.fovmax)); );
	tween(view.fisheye, 1.0, distance(1.0, 0.75));
	tween(view.fov, 150, distance(179, 0.75));
</action>

<action name="viewControlMoveUp">
	if(%1,
		if(%2,
			set(isfullvertical, false);
			ifnot(scene[get(xml.scene)].planar,
				sub(viewvfov, panoview.vmax, panoview.vmin);
				if (viewvfov == 180,
					set(isfullvertical, true);
				);
			);
			if(isfullvertical == false AND calc(view.vlookat-%2) LT view.vlookatmin,
				moveto(get(view.hlookat), get(view.vlookatmin));
			,
				moveto(get(view.hlookat), calc(view.vlookat-%2));
			);
		,
			set(vlookat_moveforce, -1);
			delayedcall(0.1, viewControlMoveVertStop());
		);
	,
		set(vlookat_moveforce, -1);
	);
</action>
<action name="viewControlMoveDown">
	if(%1,
		if(%2,
			set(isfullvertical, false);
			ifnot(scene[get(xml.scene)].planar,
				sub(viewvfov, panoview.vmax, panoview.vmin);
				if (viewvfov == 180,
					set(isfullvertical, true);
				);
			);
			if(sceneisfull360 == false AND calc(view.vlookat+%2) GT view.vlookatmax,
				moveto(get(view.hlookat), get(view.vlookatmax));
			,
				moveto(get(view.hlookat), calc(view.vlookat+%2));
			);
		,
			set(vlookat_moveforce, +1);
			delayedcall(0.1, viewControlMoveVertStop());
		);
	,
		set(vlookat_moveforce, +1);
	);
</action>
<action name="viewControlMoveLeft">
	if(%1,
		if(%2,
			set(isfullhorizontal, false);
			ifnot(scene[get(xml.scene)].planar,
				sub(viewhfov, panoview.hmax, panoview.hmin);
				if (viewhfov == 360,
					set(isfullhorizontal, true);
				);
			);
			if(isfullhorizontal == false AND calc(view.hlookat-%2) LT view.hlookatmin,
				moveto(get(view.hlookatmin), get(view.vlookat));
			,
				moveto(calc(view.hlookat-%2), get(view.vlookat));
			);
		,
			set(hlookat_moveforce, -1);
			delayedcall(0.1, viewControlMoveHoriStop());
		);
	,
		set(hlookat_moveforce, -1);
	);
</action>
<action name="viewControlMoveRight">
	if(%1,
		if(%2,
			set(isfullhorizontal, false);
			ifnot(scene[get(xml.scene)].planar,
				sub(viewhfov, panoview.hmax, panoview.hmin);
				if (viewhfov == 360,
					set(isfullhorizontal, true);
				);
			);
			if(isfullhorizontal == false AND calc(view.hlookat+%2) GT view.hlookatmax,
				moveto(get(view.hlookatmax), get(view.vlookat));
			,
				moveto(calc(view.hlookat+%2), get(view.vlookat));
			);
		,
			set(hlookat_moveforce, +1);
			delayedcall(0.1, viewControlMoveHoriStop());
			
		);
	,
		set(hlookat_moveforce, +1);
	);
</action>
<action name="viewControlMoveHoriStop">
	set(hlookat_moveforce, 0);
</action>
<action name="viewControlMoveVertStop">
	set(vlookat_moveforce, 0);
</action>

  <!-- Sounds Management -->

  <action name="play3DLocalSounds">
    if (xml.scene, if (scene[get(xml.scene)].haslocalsounds, playpanolocalsounds();););
  </action>
  <action name="stop3DLocalSounds">
    if (xml.scene, if (scene[get(xml.scene)].haslocalsounds, stoppanolocalsounds();););
  </action>
  <action name="resume3DLocalSounds">
    if (xml.scene, if (scene[get(xml.scene)].haslocalsounds, 
      set(kill3dSoundOnResume, true);
      if(layer[displayedStandardVideo],
      if(layer[displayedStandardVideo].pausebgsound,
      if(tour_current_played_video,
        set(kill3dSoundOnResume, false);
      );););
      if(layer[webvideodisplay_player],
      if(layer[webvideodisplay_player].pausebgsound,
      if(tour_current_played_web_video,
        set(kill3dSoundOnResume, false);
      );););
      if(tour_current_played_sound_pausesound,
      if(tour_current_played_sound,
        set(kill3dSoundOnResume, false);
      ););
      if(kill3dSoundOnResume,
        resumepanolocalsounds();
      );
    ););
  </action>
  <action name="pause3DLocalSounds">
    if (xml.scene, if (scene[get(xml.scene)].haslocalsounds, pausepanolocalsounds();););
  </action>
  <action name="set3DLocalSoundsVolume">
    if (xml.scene, if (scene[get(xml.scene)].haslocalsounds, setpanolocalsoundsvolume();););
  </action>
  <action name="playTourSounds">
    set(tour_soundson, true);events.dispatch(playtoursoundsevent);
    resumeTourSoundsActions(true,true,true,true,true);
  </action>
  <action name="stopTourSounds">
    set(tour_soundson, false);events.dispatch(stoptoursoundsevent);
    pauseTourSoundsActions(true,true,true,true,true);
  </action>
  <action name="setTourSoundsVolume">
    set(tour_soundsvolume, %1);events.dispatch(changetoursoundsevent);
    set3DLocalSoundsVolume();
  </action>
  <action name="playTourSoundsActions">
    if(%1,
        play3DLocalSounds();
    );
  </action>
  <action name="stopTourSoundsActions">
    if(%1,
      stop3DLocalSounds();
    );
    if(%3,
      stopVideoActionsSounds();
    );
  </action>
  <action name="resumeTourSoundsActions">
    if(%1,
        resume3DLocalSounds();
    );
    if(%3,
      resumeVideoActionsSounds();
    );
  </action>
  <action name="pauseTourSoundsActions">
    if(%1,
      pause3DLocalSounds();
    );
    if(%3,
      pauseVideoActionsSounds();
    );
  </action>
  <action name="stopVideoActionsSounds">
    if(tour_current_played_video,
      if(layer[displayedStandardVideo],
        layer[displayedStandardVideo].stop();
        removelayer(displayedStandardVideo);
        if(layer[displayedStandardVideoOverlayButton], removelayer(displayedStandardVideoOverlayButton); );
        if(layer[displayedStandardVideoOverlay], removelayer(displayedStandardVideoOverlay); );
        delete(tour_current_played_video);
        set(tour_current_played_video_state, 0);
      );
    );
    if(tour_current_played_web_video,
      displayWebVideoObjectClose();
    );
  </action>
  <action name="resumeVideoActionsSounds">
    if(tour_current_played_video,
      set(resumeVideoActionsVerification, true);
      if(tour_current_played_sound,
        if(tour_current_played_video_state LT tour_current_played_sound_state,
          set(resumeVideoActionsVerification, false);
        );
      );
      if(resumeVideoActionsVerification,
        if (tour_soundson,
          div(volume, tour_soundsvolume, 100);
          if(device.flash,
            set(layer[displayedStandardVideo].volume, get(volume));
          ,
            ifnot(device.ios,
              js(kpanotour.Sounds.startVideosSounds(get(volume)));
            );
          );
        ,
          if(device.flash,
            set(layer[displayedStandardVideo].volume, 0);
          ,
            ifnot(device.ios,
              js(kpanotour.Sounds.stopVideosSounds());
            );
          );
        );
      );
    );
  </action>
  <action name="pauseVideoActionsSounds">
    if(tour_current_played_video,
      if(device.flash,
        set(layer[displayedStandardVideo].volume, 0);
      ,
        ifnot(device.ios,
          js(kpanotour.Sounds.stopVideosSounds());
        );
      );
    );
  </action>

</krpano>