<?xml version="1.0" encoding="UTF-8"?>
<krpano>

<!-- ************************ -->
<!--         Messages         -->
<!-- ************************ -->

  <data name="ru_project_title"><![CDATA[Museum]]></data>



  <data name="ru_pano607_title"><![CDATA[стартовая страничка]]></data>
  <data name="ru_spotpolygon615_tooltip"><![CDATA[Истории на музейном уроке]]></data>
  <data name="ru_spotpolygon618_tooltip"><![CDATA[Истории о физической лаборантской]]></data>
  <data name="ru_spotpolygon619_tooltip"><![CDATA[Вход в лаборантскую]]></data>
  <data name="ru_spotpoint1811openurlwebsiteurl"><![CDATA[https://youtu.be/uKko0X3yIcw]]></data>
  <data name="ru_spotpoint2156openurlwebsiteurl"><![CDATA[https://vhgmuseum.000webhostapp.com/instruments.html]]></data>


  <data name="ru_pano14_title"><![CDATA[Вход в лаборантскую]]></data>
  <data name="ru_spotpolygon16_tooltip"><![CDATA[Лаборантская]]></data>


  <data name="ru_pano12_title"><![CDATA[Лаборантская]]></data>
  <data name="ru_spotpolygon17_tooltip"><![CDATA[Вход в лаборантскую]]></data>
  <data name="ru_spotpolygon18_tooltip"><![CDATA[Теплота. Жидкость и газ]]></data>
  <data name="ru_spotpolygon19_tooltip"><![CDATA[Механика]]></data>
  <data name="ru_spotpolygon20_tooltip"><![CDATA[Электричество и магнетизм]]></data>
  <data name="ru_spotpolygon21_tooltip"><![CDATA[Колебания и волны]]></data>
  <data name="ru_spotpolygon22_tooltip"><![CDATA[Оптика]]></data>
  <data name="ru_spotpolygon23_tooltip"><![CDATA[Награды]]></data>


  <data name="ru_pano605_title"><![CDATA[Истории на музейном уроке]]></data>
  <data name="ru_spotpolygon620_tooltip"><![CDATA[Оптика]]></data>
  <data name="ru_spotpolygon621_tooltip"><![CDATA[Колебания и волны]]></data>
  <data name="ru_spotpolygon622_tooltip"><![CDATA[Электричество и магнетизм]]></data>
  <data name="ru_spotpolygon623_tooltip"><![CDATA[Механика]]></data>
  <data name="ru_spotpolygon624_tooltip"><![CDATA[Теплота. Жидкость и газ]]></data>
  <data name="ru_spotpolygon634_tooltip"><![CDATA[Назад]]></data>
  <data name="ru_spotpoint1812openurlwebsiteurl"><![CDATA[https://vhgmuseum.000webhostapp.com/MuseumlessontheLawsofgeometricoptics.html]]></data>
  <data name="ru_spotpoint2036openurlwebsiteurl"><![CDATA[https://vhgmuseum.000webhostapp.com/theLawsofgeometricaloptics.html]]></data>


  <data name="ru_pano606_title"><![CDATA[Истории о физической лаборантской]]></data>
  <data name="ru_spotpolygon630_tooltip"><![CDATA[Назад]]></data>
  <data name="ru_spotpoint1808openurlwebsiteurl"><![CDATA[https://vhgmuseum.000webhostapp.com/students.html]]></data>
  <data name="ru_spotpoint1809openurlwebsiteurl"><![CDATA[https://vhgmuseum.000webhostapp.com/physicsteacher.html]]></data>
  <data name="ru_spotpoint1810openurlwebsiteurl"><![CDATA[https://vhgmuseum.000webhostapp.com/history.html]]></data>


  <data name="ru_pano910_title"><![CDATA[Награды]]></data>
  <data name="ru_spotpolygon912_tooltip"><![CDATA[Назад]]></data>

  <data name="ru_panogroup653_title"><![CDATA[Темы музейных уроков]]></data>

  <data name="ru_pano35_title"><![CDATA[1 слева (низ)]]></data>
  <data name="ru_spotpolygon676_tooltip"><![CDATA[Назад]]></data>
  <data name="ru_pano36_title"><![CDATA[1 справа (верх)]]></data>
  <data name="ru_spotpolygon677_tooltip"><![CDATA[Назад]]></data>
  <data name="ru_spotpoint907openurlwebsiteurl"><![CDATA[https://vhgmuseum.000webhostapp.com/thestraightnessoflight.html]]></data>
  <data name="ru_spotpoint1957openurlwebsiteurl"><![CDATA[https://youtu.be/71Wpecwzxkk]]></data>
  <data name="ru_spotpoint2309_tooltip"><![CDATA[Стереоскоп/текст]]></data>
  <data name="ru_spotpoint2309openurlwebsiteurl"><![CDATA[https://vhgmuseum.000webhostapp.com/Prelomleniesveta.html]]></data>
  <data name="ru_pano41_title"><![CDATA[2 справа (низ)]]></data>
  <data name="ru_spotpolygon680_tooltip"><![CDATA[Назад]]></data>
  <data name="ru_pano39_title"><![CDATA[2 слева (низ)]]></data>
  <data name="ru_spotpolygon685_tooltip"><![CDATA[Назад]]></data>
  <data name="ru_pano34_title"><![CDATA[1 слева (верх)]]></data>
  <data name="ru_spotpolygon675_tooltip"><![CDATA[Назад]]></data>
  <data name="ru_pano42_title"><![CDATA[центральный (верх)]]></data>
  <data name="ru_spotpolygon681_tooltip"><![CDATA[Назад]]></data>
  <data name="ru_pano43_title"><![CDATA[центральный (низ)]]></data>
  <data name="ru_spotpolygon682_tooltip"><![CDATA[Назад]]></data>
  <data name="ru_pano40_title"><![CDATA[2 справа (верх)]]></data>
  <data name="ru_spotpolygon679_tooltip"><![CDATA[Назад]]></data>
  <data name="ru_pano38_title"><![CDATA[2 слева (верх)]]></data>
  <data name="ru_spotpolygon678_tooltip"><![CDATA[Назад]]></data>
  <data name="ru_pano683_title"><![CDATA[1 справа (низ) (1)]]></data>
  <data name="ru_spotpolygon686_tooltip"><![CDATA[Назад]]></data>
  <data name="ru_spotpoint2305_tooltip"><![CDATA[Оптоволокно]]></data>
  <data name="ru_spotpoint2305openurlwebsiteurl"><![CDATA[https://youtu.be/47hX_w2O8HM]]></data>
  <data name="ru_spotpoint2308_tooltip"><![CDATA[Оптоволокно/текст]]></data>
  <data name="ru_spotpoint2308openurlwebsiteurl"><![CDATA[https://vhgmuseum.000webhostapp.com/Pochemymevidimtela.html]]></data>

  <data name="ru_panogroup1217_title"><![CDATA[Group 1217]]></data>

  <data name="ru_pano645_title"><![CDATA[Теплота. Жидкость и газ]]></data>
  <data name="ru_spotpolygon659_tooltip"><![CDATA[1 слева (верх)]]></data>
  <data name="ru_spotpolygon660_tooltip"><![CDATA[1 слева (низ)]]></data>
  <data name="ru_spotpolygon671_tooltip"><![CDATA[Назад]]></data>
  <data name="ru_pano1123_title"><![CDATA[Оптика]]></data>
  <data name="ru_spotpolygon1127_tooltip"><![CDATA[1 справа (верх)]]></data>
  <data name="ru_spotpolygon1128_tooltip"><![CDATA[1 справа (низ) (1)]]></data>
  <data name="ru_spotpolygon1129_tooltip"><![CDATA[Назад]]></data>
  <data name="ru_pano646_title"><![CDATA[Электричество и магнетизм]]></data>
  <data name="ru_spotpolygon663_tooltip"><![CDATA[центральный (верх)]]></data>
  <data name="ru_spotpolygon664_tooltip"><![CDATA[центральный (низ)]]></data>
  <data name="ru_spotpolygon672_tooltip"><![CDATA[Назад]]></data>
  <data name="ru_pano1503_title"><![CDATA[Колебания и волны]]></data>
  <data name="ru_spotpolygon1510_tooltip"><![CDATA[2 справа (верх)]]></data>
  <data name="ru_spotpolygon1511_tooltip"><![CDATA[2 справа (низ)]]></data>
  <data name="ru_spotpolygon1512_tooltip"><![CDATA[Назад]]></data>
  <data name="ru_pano1802_title"><![CDATA[Механика]]></data>
  <data name="ru_spotpolygon1804_tooltip"><![CDATA[2 слева (верх)]]></data>
  <data name="ru_spotpolygon1805_tooltip"><![CDATA[2 слева (низ)]]></data>
  <data name="ru_spotpolygon1806_tooltip"><![CDATA[Назад]]></data>






  <data name="ru_contextmenuopenFsLabel"><![CDATA[Enter Fullscreen]]></data>
  <data name="ru_contextmenucloseFsLabel"><![CDATA[Exit Fullscreen]]></data>
  <data name="ru_contextmenunormallabel"><![CDATA[Normal View]]></data>
  <data name="ru_contextmenuarchitecturallabel"><![CDATA[Architectural View]]></data>
  <data name="ru_contextmenulittleplanetlabel"><![CDATA[Little Planet View]]></data>
  <data name="ru_controlBar_dpadprevSceneTip"><![CDATA[Previous panorama]]></data>
  <data name="ru_controlBar_dpadnextSceneTip"><![CDATA[Next panorama]]></data>
  <data name="ru_controlBar_dpadzoomInTip"><![CDATA[Zoom in]]></data>
  <data name="ru_controlBar_dpadzoomOutTip"><![CDATA[Zoom out]]></data>
  <data name="ru_controlBar_dpadmoveLeftTip"><![CDATA[Move left]]></data>
  <data name="ru_controlBar_dpadmoveRightTip"><![CDATA[Move right]]></data>
  <data name="ru_controlBar_dpadmoveUpTip"><![CDATA[Move up]]></data>
  <data name="ru_controlBar_dpadmoveDownTip"><![CDATA[Move down]]></data>
  <data name="ru_controlBar_dpadopenFsTip"><![CDATA[Enter fullscreen]]></data>
  <data name="ru_controlBar_dpadcloseFsTip"><![CDATA[Exit fullscreen]]></data>
  <data name="ru_controlBar_dpadautorotateOnTip"><![CDATA[Start autorotation]]></data>
  <data name="ru_controlBar_dpadautorotateOffTip"><![CDATA[Stop autorotation]]></data>
  <data name="ru_controlBar_dpaddisplayControlsTip"><![CDATA[Show controls]]></data>
  <data name="ru_controlBar_dpadhideControlsTip"><![CDATA[Hide controls]]></data>
  <data name="ru_controlBar_dpadctrlmodeDragTip"><![CDATA[Change control mode]]></data>
  <data name="ru_controlBar_dpadctrlmodeMoveTip"><![CDATA[Change control mode]]></data>
  <data name="ru_PdfViewerfullscreen_text"><![CDATA[Fullscreen mode]]></data>
  <data name="ru_PdfViewerclose_text"><![CDATA[Close]]></data>
  <data name="ru_webVideoViewerfullscreen_text"><![CDATA[Fullscreen mode]]></data>
  <data name="ru_webVideoViewerclose_text"><![CDATA[Close]]></data>


  <data name="ru_vr_setup_hmd0"><![CDATA[SELECT YOUR HMD]]></data>
  <data name="ru_vr_setup_advanced"><![CDATA[ADVANCED SETTINGS]]></data>
  <data name="ru_vr_setup_title"><![CDATA[WEB VR SETTINGS]]></data>
  <data name="ru_vr_setup_dvn1"><![CDATA[Device:]]></data>
  <data name="ru_vr_setup_siz1"><![CDATA[Screen size:]]></data>
  <data name="ru_vr_setup_ipd1"><![CDATA[IPD:]]></data>
  <data name="ru_vr_setup_hmd1"><![CDATA[HMD:]]></data>
  <data name="ru_vr_setup_hmd3"><![CDATA[Customize]]></data>
  <data name="ru_vr_setup_cal"><![CDATA[Calibrate gyroscope]]></data>
  <data name="ru_vr_setup_sav"><![CDATA[SAVE]]></data>
  <data name="ru_vr_setup_rst"><![CDATA[RESET]]></data>
  <data name="ru_vr_setup_simple"><![CDATA[SIMPLE]]></data>
  <data name="ru_vr_setup_cls"><![CDATA[CLOSE]]></data>
  <data name="ru_vr_setup_m31"><![CDATA[HMD SETTINGS]]></data>
  <data name="ru_vr_setup_fov1"><![CDATA[FOV:]]></data>
  <data name="ru_vr_setup_dst1"><![CDATA[Distortion:]]></data>
  <data name="ru_vr_setup_d2tx"><![CDATA[Distortion 2:]]></data>
  <data name="ru_vr_setup_vig1"><![CDATA[Vignette:]]></data>
  <data name="ru_vr_setup_cac1"><![CDATA[Chromatic aberration:]]></data>
  <data name="ru_vr_setup_olp1"><![CDATA[Overlap:]]></data>
  <data name="ru_vr_setup_m35"><![CDATA[RETURN]]></data>
  <data name="ru_vr_setup_cb1"><![CDATA[GYROSCOPE]]></data>
  <data name="ru_vr_setup_cb2"><![CDATA[Place the device on a flat and[br]stable surface and tab CALIBRATE[br]to correct a gyroscope drifting.]]></data>
  <data name="ru_vr_setup_cb3"><![CDATA[CALIBRATE]]></data>
  <data name="ru_vr_setup_cb4"><![CDATA[RESET]]></data>
  <data name="ru_vr_setup_cb5"><![CDATA[RETURN]]></data>
  <data name="ru_vr_setup_cb6"><![CDATA[Calibrating...]]></data>
  <data name="ru_vr_setup_cb7"><![CDATA[Successful calibration]]></data>
  <data name="ru_vr_setup_cb8"><![CDATA[Calibration failed]]></data>
  <data name="ru_vr_setup_unavailable"><![CDATA[VR mode[br]is unavailable on your device]]></data>








































</krpano>