<?xml version="1.0" encoding="UTF-8"?>
<krpano version="1.19">

  
  <!-- Spot Style - Default Polygon Spot Style -->
  <style name="PolygonDefaultPolygonSpotStyle"
           visible="false"
           bordercolor="0xffffff"
           fillcolor="0xffffff"
           borderwidth="1"
           borderalpha="0"
           fillalpha="0"
           capture="false"
           onhover="onhoverPolygonDefaultPolygonSpotStyle"
           onover="onoverPolygonDefaultPolygonSpotStyle"
           onout="onoutPolygonDefaultPolygonSpotStyle"
           />
  <action name="onhoverPolygonDefaultPolygonSpotStyle">
    showTooltip('hotspot');
  </action>

  <action name="onoverPolygonDefaultPolygonSpotStyle">
    set(borderwidth, 1);
  </action>

  <action name="onoutPolygonDefaultPolygonSpotStyle">

    set(borderwidth, 1);
    hideTooltip();
  </action>



    
  <!-- Spot Style - Open website -->
  <style name="IconOpenwebsite"
         url="%FIRSTXML%/spots/hotspot_information_sequence_user_defaultpoint4.png"
         visible="false"
         frame="0"
         lastframe="17"
         framewidth="40"
         frameheight="40"
         stopspotsequence="false"
         crop="0|0|40|40"
         onloaded="startspotanimation(0.1);"
         onhover="onhoverIconOpenwebsite"
         onout="onoutIconOpenwebsite"


         />

  <action name="onhoverIconOpenwebsite">
    showtooltip('hotspot');
  </action>


  <action name="onoutIconOpenwebsite">
    hideTooltip();



  </action>



  
  <!-- Spot Style - Default Polygon Spot Style -->
  <style name="PolygonDefaultPolygonSpotStyle"
           visible="false"
           bordercolor="0xffffff"
           fillcolor="0xffffff"
           borderwidth="0"
           borderalpha="0"
           fillalpha="0"
           capture="false"
           onhover="onhoverPolygonDefaultPolygonSpotStyle"
           onover="onoverPolygonDefaultPolygonSpotStyle"
           onout="onoutPolygonDefaultPolygonSpotStyle"
           />
  <action name="onhoverPolygonDefaultPolygonSpotStyle">
    showTooltip('hotspot');
  </action>

  <action name="onoverPolygonDefaultPolygonSpotStyle">
    set(borderwidth, 0);
  </action>

  <action name="onoutPolygonDefaultPolygonSpotStyle">

    set(borderwidth, 0);
    hideTooltip();
  </action>



        
  <!-- Video Spot Style - Default Video Spot Style -->
  <style name="RectVideoDefaultVideoSpotStyleLoader" url="%FIRSTXML%/spots/loadanimation.png" crop="0|0|64|64" ypos="0" frame="0" distorted="true" visible="false" />
  <style name="RectVideoDefaultVideoSpotStyle"
         capture="false"
         visible="false"
         distorted="true"
         scale="1.0" 
         url="%SWFPATH%/graphics/videoplayer.swf"
         alturl="%FIRSTXML%/graphics/videoplayer.js"
         loop="true"
         autoresume="true"
         pausedonstart="true"
         pausedonstart.android="false"
         pauseothersounds="false"
         canstart="false"
         onhover="onhoverRectVideoDefaultVideoSpotStyle"
         onout="onoutRectVideoDefaultVideoSpotStyle"
         onvideoready="onvideoreadyRectVideoDefaultVideoSpotStyle"
         />
  <style name="RectVideoDefaultVideoSpotStyle" 
    directionalsound="true" 
    range="90" 
    devices="flash" 
  />
  <style name="RectVideoDefaultVideoSpotStyle" 
    directionalsound="false" 
    devices="html5" 
  />
  <style name="RectVideoDefaultVideoSpotStyle" 
    stateVideo="startplaying" devices="no-ios" 
  />
  <style name="RectVideoDefaultVideoSpotStyle" 
    stateVideo="startpaused" devices="ios" 
  />
  <action name="onhoverRectVideoDefaultVideoSpotStyle">
    showTooltip('hotspot');
  </action>
  <action name="onoutRectVideoDefaultVideoSpotStyle">
    hideTooltip();
  </action>
  <action name="onvideoreadyRectVideoDefaultVideoSpotStyle">
    set(isVideoReadyForPlaying, false);
    if (isvideoready,
      if (canstart,
        set(isVideoReadyForPlaying, true);
      );
    );
    if(isVideoReadyForPlaying,

    if(tour_displayspots,
      if(ispaused,
        if(stateVideo == "startplaying",
          set(stateVideo, "playing");
          play();
        );
      );
    );
    if(device.flash,
      if (tour_soundson,
        div(volume, tour_soundsvolume, 100);
      ,
        set(volume, 0);
      );
    ,
      ifnot(device.ios,
        if (tour_soundson,
          js(kpanotour.Sounds.startVideosSounds(get(volume)));
        ,
          js(kpanotour.Sounds.stopVideosSounds());
        );
      );
    );
    onvideoreadyspecific();
    ,

      delayedcall(0.5,onvideoreadyRectVideoDefaultVideoSpotStyle());
    );
  </action>
  <action name="animatevideospotloaderRectVideoDefaultVideoSpotStyle">
    if(hotspot[%1],
      if(hotspot[%1].activated,
        set(hotspot[%1].visible, true);
      );
      inc(hotspot[%1].frame,1, 11,0);
      mul(hotspot[%1].ypos, hotspot[%1].frame, 64);
      txtadd(hotspot[%1].crop, '0|', get(hotspot[%1].ypos),'|64|64');
      delayedcall(%2, 0.1, animatevideospotloaderRectVideoDefaultVideoSpotStyle(%1, %2) );
    ,
      stopdelayedcall(%2);
    );
  </action>
  <action name="stopvideospotloaderanimationRectVideoDefaultVideoSpotStyle">
    removehotspot(%1);
  </action>




  
  <!-- Spot Style - Default Polygon Spot Style 1 -->
  <style name="PolygonDefaultPolygonSpotStyle1"
           visible="false"
           bordercolor="0xff0000"
           fillcolor="0xffffff"
           borderwidth="3"
           borderalpha="1"
           fillalpha="0"
           capture="false"
           onhover="onhoverPolygonDefaultPolygonSpotStyle1"
           onover="onoverPolygonDefaultPolygonSpotStyle1"
           onout="onoutPolygonDefaultPolygonSpotStyle1"
           />
  <action name="onhoverPolygonDefaultPolygonSpotStyle1">
    showTooltip('hotspot');
  </action>

  <action name="onoverPolygonDefaultPolygonSpotStyle1">
    set(borderwidth, 3);
  </action>

  <action name="onoutPolygonDefaultPolygonSpotStyle1">

    set(borderwidth, 3);
    hideTooltip();
  </action>



    
  <!-- Spot Style - Open website 1 -->
  <style name="IconOpenwebsite1"
         url="%FIRSTXML%/spots/hotspot_information_sequence_user_defaultpoint8.png"
         visible="false"
         frame="0"
         lastframe="17"
         framewidth="40"
         frameheight="40"
         stopspotsequence="false"
         crop="0|0|40|40"
         onloaded="startspotanimation(0.1);"
         onhover="onhoverIconOpenwebsite1"
         onout="onoutIconOpenwebsite1"


         />

  <action name="onhoverIconOpenwebsite1">
    showtooltip('hotspot');
  </action>


  <action name="onoutIconOpenwebsite1">
    hideTooltip();



  </action>



    
  <!-- Spot Style - Open website 2 -->
  <style name="IconOpenwebsite2"
         url="%FIRSTXML%/spots/hotspot_information_sequence_user_defaultpoint17.png"
         visible="false"
         frame="0"
         lastframe="17"
         framewidth="40"
         frameheight="40"
         stopspotsequence="false"
         crop="0|0|40|40"
         onloaded="startspotanimation(0.1);"
         onhover="onhoverIconOpenwebsite2"
         onout="onoutIconOpenwebsite2"


         />

  <action name="onhoverIconOpenwebsite2">
    showtooltip('hotspot');
  </action>


  <action name="onoutIconOpenwebsite2">
    hideTooltip();



  </action>



<!-- ********** -->
<!-- Double Click -->
<!-- id : doubleclick -->
<!-- ********** -->

  <plugin name="doubleclick" url.flash="%FIRSTXML%/graphics/doubleclick/fieldofview_dc.swf" url.html5="%FIRSTXML%/graphics/doubleclick/dctouch.min.js" keep="true" ondblclick="doubleclick_ondoubleclick();"/>
  <action name="doubleclick_ondoubleclick">switchFullscreen();


  </action>

<!-- ********** -->
<!-- Context menu -->
<!-- id : contextmenu -->
<!-- ********** -->
  <contextmenu fullscreen="false" versioninfo="false" touch="true">
    <item name="normal"        onclick="setViewNormal();
" separator="true"/>
    <item name="architectural" onclick="setViewArchitectural();
"/>
    <item name="littleplanet"  onclick="setViewLittlePlanet();
"/>
    <item name="fullscreenentry" onclick="enterFullscreen();
" separator="true"/>
  </contextmenu>

  <events name="contextmenuevents" keep="true" 
    onenterfullscreen="updateContextMenu" onexitfullscreen="updateContextMenu" 
    onxmlcomplete="updateContextMenu" 
    changetourlanguage="updateContextMenu" 
    />
  <events name="contextmenuvrevents" keep="true" 
    onvravailable="updateContextMenu();" onvrunavailable="updateContextMenu();"
    devices="html5"
    />
  <action name="updateContextMenu">
    getmessage(contextmenu.item[normal].caption, contextmenunormallabel);
    getmessage(contextmenu.item[architectural].caption, contextmenuarchitecturallabel);
    set(sceneisfull360, false);
    if(scene[get(xml.scene)].full360,
      sub(viewhfov, panoview.hmax, panoview.hmin);
      if (viewhfov == 360,
        sub(viewvfov, panoview.vmax, panoview.vmin);
        if (viewvfov == 180,
          set(sceneisfull360, true);
        );
      );
    );
    if (sceneisfull360 AND (device.webgl OR device.flash),
      set(contextmenu.item[littleplanet].visible, true);
      getmessage(contextmenu.item[littleplanet].caption, contextmenulittleplanetlabel);
    ,
      set(contextmenu.item[littleplanet].visible, false);
    );
    if (device.fullscreensupport,
      if(tour_fullscreen,
        getmessage(contextmenu.item[fullscreenentry].caption, contextmenucloseFsLabel);
        set(contextmenu.item[fullscreenentry].onclick, exitFullscreen();
);
       ,
        getmessage(contextmenu.item[fullscreenentry].caption, contextmenuopenFsLabel);
        set(contextmenu.item[fullscreenentry].onclick, enterFullscreen();
);
      );
     ,
      set(contextmenu.item[fullscreenentry].visible, false);
    );
  </action>

<!-- ********* -->
<!-- Gyroscope -->
<!-- ********* -->



<plugin name="gyroscope"
        url="%FIRSTXML%/graphics/gyro.js"
        keep="true"
        devices="no-desktop.and.html5"


        friction="0.5"
        onavailable="delayedcall(1, checkGyroAvailability(););"
        enabled="false"
        activated="false"
        />

<events name="gyroscopeEvents" onnewpano="planarGyroscopeTest();" keep="true" />

<action name="planarGyroscopeTest">
  if(plugin[gyroscope],
    ifnot (plugin[gyroscope].available === undefined,
      if (plugin[gyroscope].available,
        if(scene[get(xml.scene)].planar,
          if(plugin[gyroscope].enabled,
            switch(plugin[gyroscope].enabled);
            if (plugin[gyroscope].enabled, events.dispatch(ongyroscopeon);, events.dispatch(ongyroscopeoff););
          );
        ,
          if(scene[get(xml.scene)].full360,
            set(sceneisfull360, false);
            sub(viewhfov, panoview.hmax, panoview.hmin);
            if (viewhfov == 360,
              sub(viewvfov, panoview.vmax, panoview.vmin);
              if (viewvfov == 180,
                set(sceneisfull360, true);
              );
            );
            if (sceneisfull360,
              set(plugin[gyroscope].camroll, true);
            ,
              set(plugin[gyroscope].camroll, false);
            );
          ,
            set(plugin[gyroscope].camroll, false);
          );
          if(plugin[gyroscope].activated,
            ifnot(plugin[gyroscope].enabled,
              switch(plugin[gyroscope].enabled);
              if (plugin[gyroscope].enabled, events.dispatch(ongyroscopeon);, events.dispatch(ongyroscopeoff););
            );
          );
        );

      );
    );
  );
</action>

<action name="changeGyroscopeState">
  if(plugin[gyroscope],
    ifnot (plugin[gyroscope].available === undefined,
      if (plugin[gyroscope].available,
        if(%1,
          set(plugin[gyroscope].activated,true);
        ,
          set(plugin[gyroscope].activated,false);
        );
        if (%1 != plugin[gyroscope].enabled,
          if(plugin[gyroscope].activated,
            switch(plugin[gyroscope].enabled);
          ,
            set(plugin[gyroscope].enabled, false);
          );
          if (plugin[gyroscope].enabled, events.dispatch(ongyroscopeon);, events.dispatch(ongyroscopeoff););
        );
      );
    );
  );
</action>

<action name="checkGyroAvailability">
  if(plugin[gyroscope],
    ifnot (plugin[gyroscope].available === undefined, 
      if (plugin[gyroscope].available,
      ifnot(tour_firstlittleplanet,
        ifnot(scene[get(xml.scene)].planar,
        switch(plugin[gyroscope].enabled);
        set(plugin[gyroscope].activated,true);
        );
        set(tour_gyroscopedevices, true);
        events.dispatch(ongyroscopeavailable);
      ,
        delayedcall(1, checkGyroAvailability(););
      );
      ,
        set(tour_gyroscopedevices, false);
      );
    ,
      set(tour_gyroscopedevices, false);
    );
    if (plugin[gyroscope].enabled, events.dispatch(ongyroscopeon);, events.dispatch(ongyroscopeoff););
  ,
    checkGyroUnavailable();
  );
</action>


<!-- ********** -->
<!-- Panorama Combobox -->
<!-- id : panoramacombobox -->
<!-- ********** -->

<events name="panoramacomboboxStartTourEvents" onTourStart="set(layer[panoramacombobox].isStarted, true);" keep="true" />


  <layer name="panoramacombobox"
         url="%FIRSTXML%/graphics/combobox.swf"
         alturl="%FIRSTXML%/graphics/combobox.js"
         keep="true"
         visible="false"
         zorder="4"
         align="topleft"
         x="5" y="10"
         rowcount="10"
         onloaded="panoramacomboboxLoaded();"
         isStarted="false"
         isLoaded="false"
         itemcount="0"
         itemfontsize.normal="14"
         itempadding.normal="8"
         itemfontsize.mobile="11"
         itempadding.mobile="5"
         cbdesignscale.mobile="1"
         />

  <action name="panoramacomboboxLoaded">
    
    layer[panoramacombobox].removeAll();
    set(layer[panoramacombobox].itemcount, 0);
    
    panoramacomboboxAddItem(pano607_title, pano607, pano607, false);
    panoramacomboboxAddItem(pano14_title, pano14, pano14, false);
    panoramacomboboxAddItem(pano12_title, pano12, pano12, false);
    panoramacomboboxAddItem(pano605_title, pano605, pano605, false);
    panoramacomboboxAddItem(pano606_title, pano606, pano606, false);
    panoramacomboboxAddItem(pano910_title, pano910, pano910, false);
    panoramacomboboxAddItem(panogroup653_title, panogroup653, pano35, false);
    panoramacomboboxAddItem(pano35_title, pano35, pano35, true);
    panoramacomboboxAddItem(pano36_title, pano36, pano36, true);
    panoramacomboboxAddItem(pano41_title, pano41, pano41, true);
    panoramacomboboxAddItem(pano39_title, pano39, pano39, true);
    panoramacomboboxAddItem(pano34_title, pano34, pano34, true);
    panoramacomboboxAddItem(pano42_title, pano42, pano42, true);
    panoramacomboboxAddItem(pano43_title, pano43, pano43, true);
    panoramacomboboxAddItem(pano40_title, pano40, pano40, true);
    panoramacomboboxAddItem(pano38_title, pano38, pano38, true);
    panoramacomboboxAddItem(pano683_title, pano683, pano683, true);
    panoramacomboboxAddItem(panogroup1217_title, panogroup1217, pano645, false);
    panoramacomboboxAddItem(pano645_title, pano645, pano645, true);
    panoramacomboboxAddItem(pano1123_title, pano1123, pano1123, true);
    panoramacomboboxAddItem(pano646_title, pano646, pano646, true);
    panoramacomboboxAddItem(pano1503_title, pano1503, pano1503, true);
    panoramacomboboxAddItem(pano1802_title, pano1802, pano1802, true);
    set(layer[panoramacombobox].isLoaded, true);
    
  </action>


  <action name="panoramacomboboxAddItem">
    getmessage(caption, %1);
    
    indexoftxt(found, get(caption), '&amp;');
    if(found GE 0,
      subtxt(part1, get(caption), 0, get(found));
      add(found, 1);
      subtxt(part2, get(caption), get(found), get(caption.length));
      txtadd(caption, get(part1), '&amp;', get(part2));
    );
    if(%4,
      txtadd(title, "&#x00A0;&#x00A0;&#x00A0;", get(caption));
    ,
      set(title, get(caption));
    );
    layer[panoramacombobox].addIdItem(%2, get(title), mainloadscene(%3));
    inc(layer[panoramacombobox].itemcount);
  </action>

  <action name="panoramacomboboxUpdateLanguage">
    layer[panoramacombobox].closeList();
    layer[panoramacombobox].removeAll();
    set(layer[panoramacombobox].itemcount, 0);

    panoramacomboboxAddItem(pano607_title, pano607, pano607, false);
    panoramacomboboxAddItem(pano14_title, pano14, pano14, false);
    panoramacomboboxAddItem(pano12_title, pano12, pano12, false);
    panoramacomboboxAddItem(pano605_title, pano605, pano605, false);
    panoramacomboboxAddItem(pano606_title, pano606, pano606, false);
    panoramacomboboxAddItem(pano910_title, pano910, pano910, false);
    panoramacomboboxAddItem(panogroup653_title, panogroup653, pano35, false);
    panoramacomboboxAddItem(pano35_title, pano35, pano35, true);
    panoramacomboboxAddItem(pano36_title, pano36, pano36, true);
    panoramacomboboxAddItem(pano41_title, pano41, pano41, true);
    panoramacomboboxAddItem(pano39_title, pano39, pano39, true);
    panoramacomboboxAddItem(pano34_title, pano34, pano34, true);
    panoramacomboboxAddItem(pano42_title, pano42, pano42, true);
    panoramacomboboxAddItem(pano43_title, pano43, pano43, true);
    panoramacomboboxAddItem(pano40_title, pano40, pano40, true);
    panoramacomboboxAddItem(pano38_title, pano38, pano38, true);
    panoramacomboboxAddItem(pano683_title, pano683, pano683, true);
    panoramacomboboxAddItem(panogroup1217_title, panogroup1217, pano645, false);
    panoramacomboboxAddItem(pano645_title, pano645, pano645, true);
    panoramacomboboxAddItem(pano1123_title, pano1123, pano1123, true);
    panoramacomboboxAddItem(pano646_title, pano646, pano646, true);
    panoramacomboboxAddItem(pano1503_title, pano1503, pano1503, true);
    panoramacomboboxAddItem(pano1802_title, pano1802, pano1802, true);

    panoramacomboboxUpdateList();
  </action>

  <events name="panoramacomboboxEvents"
          hidetourcontrols="panoramacomboboxHide();"
          showtourcontrols="panoramacomboboxShow();"
          onnewpano="panoramacomboboxOnPanorama();"
          changetourlanguage="panoramacomboboxUpdateLanguage();"
          keep="true"/>

  <action name="panoramacomboboxHide">
    set(layer[panoramacombobox].visible, false);
  </action>
  <action name="panoramacomboboxShow">
  if(layer[panoramacombobox].isLoaded,
    if (layer[panoramacombobox].itemcount GT 0,
      set(layer[panoramacombobox].visible, true);
    ,
      set(layer[panoramacombobox].visible, false);
    );
  ,
    set(layer[panoramacombobox].visible, false);
  );
  </action>

  <action name="panoramacomboboxOnPanorama">
    if(layer[panoramacombobox].isLoaded,
      panoramacomboboxUpdateList();
    ,
      delayedcall(0.2, panoramacomboboxOnPanorama);
    );
  </action>


  <action name="panoramacomboboxUpdateList">
    set(itemtoselect, get(scene[get(xml.scene)].name));
    layer[panoramacombobox].selectIdItem(get(itemtoselect));
  </action>


<!-- ********** -->
<!-- D-pad Control Bar -->
<!-- id : controlBar_dpad -->
<!-- ********** -->

<krpano controlBar_dpadbarbuilt="false" controlBar_dpadhorizontalwidth="0" controlBar_dpadverticalheight="0" controlBar_dpadIsOpened="false" />

<events name="controlBar_dpadevents" 
	onxmlcomplete="controlBar_dpadbuildMenuBar();" 

	openvideointerface="controlBar_dpadHideControlBar();"
	closevideointerface="controlBar_dpadShowControlBar();"

	keep="true" />


<action name="controlBar_dpadHideControlBar">
	set(layer[controlBar_dpadmenu_vertical_bg].visible, false);
	set(layer[controlBar_dpadmenu_vertical_bg_border].visible, false);
	set(layer[controlBar_dpadmenu_horizontal_bg].visible, false);
	set(layer[controlBar_dpadmenu_horizontal_bg_border].visible, false);
	set(layer[controlBar_dpadnavigation_bg_border].visible, false);
	set(layer[controlBar_dpadnavigation_bg].visible, false);
	set(layer[controlBar_dpadnavigation_bg_border].alpha, 0.5);
</action>
<action name="controlBar_dpadShowControlBar">
	if(controlBar_dpadIsOpened,
		set(layer[controlBar_dpadmenu_vertical_bg].visible, true);
		set(layer[controlBar_dpadmenu_vertical_bg_border].visible, true);
		set(layer[controlBar_dpadmenu_horizontal_bg].visible, true);
		set(layer[controlBar_dpadmenu_horizontal_bg_border].visible, true);
	);
	set(layer[controlBar_dpadnavigation_bg].visible, true);
	set(layer[controlBar_dpadnavigation_bg_border].visible, true);
	set(layer[controlBar_dpadnavigation_bg_border].alpha, 1);
</action>

<action name="controlBar_dpadbuildMenuBar">
	ifnot (controlBar_dpadbarbuilt, controlBar_dpadbuildMenu(); set(controlBar_dpadbarbuilt, true););
</action>

<action name="controlBar_dpadbuildMenu">
	
	
	
	set(controlBar_dpadbutton_pos, 10);




		if (device.fullscreensupport,
			set(layer[controlBar_dpadbtn_openfs].y, get(controlBar_dpadbutton_pos));
			set(layer[controlBar_dpadbtn_closefs].y, get(controlBar_dpadbutton_pos));
			inc(controlBar_dpadbutton_pos, 40);
		);
	
		if (device.desktop,
			set(layer[controlBar_dpadbtn_ctrlmode_drag_to].y, get(controlBar_dpadbutton_pos));
			set(layer[controlBar_dpadbtn_ctrlmode_move_to].y, get(controlBar_dpadbutton_pos));
			inc(controlBar_dpadbutton_pos, 40);
		);
	


	
		if (device.desktop,
			set(layer[controlBar_dpadbtn_out].y, get(controlBar_dpadbutton_pos));
			inc(controlBar_dpadbutton_pos, 40);
				set(layer[controlBar_dpadzoom_slider_bg].y, get(controlBar_dpadbutton_pos));
				inc(controlBar_dpadbutton_pos, 70);
			set(layer[controlBar_dpadbtn_in].y, get(controlBar_dpadbutton_pos));
			inc(controlBar_dpadbutton_pos, 40);
		);
	
		set(layer[controlBar_dpadbtn_autorotate_on ].y, get(controlBar_dpadbutton_pos));
		set(layer[controlBar_dpadbtn_autorotate_off].y, get(controlBar_dpadbutton_pos));
		inc(controlBar_dpadbutton_pos, 40);
	

	

	
	if (controlBar_dpadbutton_pos != 10,
		set(layer[controlBar_dpadmenu_vertical_bg].height, get(controlBar_dpadbutton_pos));
		set(layer[controlBar_dpadmenu_vertical_bg_border].height, get(controlBar_dpadbutton_pos));
		set(controlBar_dpadverticalheight, get(controlBar_dpadbutton_pos));


	,
		set(layer[controlBar_dpadmenu_vertical_bg].height, 0);
		set(layer[controlBar_dpadmenu_vertical_bg_border].height, 0);


	);
	
	
	
	set(controlBar_dpadbutton_pos, 10);
	
	
		if (scene.count GT 1,
			set(layer[controlBar_dpadbtn_prev_pano].x, get(controlBar_dpadbutton_pos));
			inc(controlBar_dpadbutton_pos, 40);
			
			set(layer[controlBar_dpadbtn_next_pano].x, get(controlBar_dpadbutton_pos));
			inc(controlBar_dpadbutton_pos, 40);
		);
	


	
	
	

	
	
	

	
	
	if (controlBar_dpadbutton_pos != 10,
		set(layer[controlBar_dpadmenu_horizontal_bg].width, get(controlBar_dpadbutton_pos));
		set(layer[controlBar_dpadmenu_horizontal_bg_border].width, get(controlBar_dpadbutton_pos));
		set(controlBar_dpadhorizontalwidth, get(controlBar_dpadbutton_pos));
	,
		set(layer[controlBar_dpadmenu_horizontal_bg].width, 0);
	);
	
	
	
	
</action>


<events name="controlBar_dpadStartTourEvents" onTourStart="controlBar_dpadCallOnStartTour();" keep="true" />

<action name="controlBar_dpadCallOnStartTour">
	
	hideTourControls();

</action>




<style name="controlBar_dpadbtn_vertical_style"
	keep="true"
	align="bottom"
	onhover="controlBar_dpadshowVerticalMenuTooltip();"
	onout="hideTooltip();"
	crop="0|0|30|30"
	onovercrop="0|30|30|30"
	ondowncrop="0|60|30|30"
	x="0"
	/>
<style name="controlBar_dpadbtn_vertical_style_off"
	keep="true"
	align="bottom"
	onhover="controlBar_dpadshowVerticalMenuTooltip();"
	onout="hideTooltip();"
	x="0"
	/>
<style name="controlBar_dpadbtn_vertical_style_alpha"
	alpha="1.0"
	devices="tablet.or.mobile"
	/>
<style name="controlBar_dpadbtn_vertical_style_alpha"
	alpha="0.2"
	devices="desktop"
	/>

<style name="controlBar_dpadmenu_bg_alpha"
	alpha="0.2"
	devices="desktop"
	/>
<style name="controlBar_dpadmenu_bg_alpha"
	alpha="0.5"
	devices="tablet.or.mobile"
	/>

<layer name="controlBar_dpadmenu_vertical_bg"
	url="%FIRSTXML%/graphics/crosscornerbar/btn_bg_vertical.png"
	keep="true"
	align="bottomleft"
	x="64"
	y="118"
	edge="bottom"
	zorder="5"
	scale9grid="12|10|3|40"
	style="controlBar_dpadmenu_bg_alpha"
	visible="false"
	/>

<layer name="controlBar_dpadmenu_vertical_bg_border"
	url="%FIRSTXML%/graphics/crosscornerbar/btn_bg_border_vertical.png"
	keep="true"
	align="bottomleft"
	x="64"
	y="118"
	edge="bottom"
	zorder="6"
	scale9grid="12|10|3|40"
	onout="controlBar_dpadvertical_onout_action();"
	onover="controlBar_dpadvertical_onover_action();"
	visible="false"
	>

  <layer name="controlBar_dpadbtn_autorotate_on"
          url="%FIRSTXML%/graphics/crosscornerbar/btn_start_autorotation.png"
          onclick="resumeautorotation();
"
          style="controlBar_dpadbtn_vertical_style|controlBar_dpadbtn_vertical_style_alpha"
          visible="false"
          tooltip="controlBar_dpadautorotateOnTip"
          />
  <layer name="controlBar_dpadbtn_autorotate_off"
          url="%FIRSTXML%/graphics/crosscornerbar/btn_stop_autorotation.png"
          onclick="pauseautorotation();
"
          style="controlBar_dpadbtn_vertical_style|controlBar_dpadbtn_vertical_style_alpha"
          visible="false"
          tooltip="controlBar_dpadautorotateOffTip"
          />



  <layer name="controlBar_dpadbtn_in"
          url="%FIRSTXML%/graphics/crosscornerbar/btn_zoom_in.png"
          style="controlBar_dpadbtn_vertical_style|controlBar_dpadbtn_vertical_style_alpha"
          ondown="viewControlZoomIn(false);"
          onup="viewControlZoomStop();
"
          tooltip="controlBar_dpadzoomInTip"
          visible="false"
          devices="desktop"
          />

  <layer name="controlBar_dpadbtn_out"
          url="%FIRSTXML%/graphics/crosscornerbar/btn_zoom_out.png"
          style="controlBar_dpadbtn_vertical_style|controlBar_dpadbtn_vertical_style_alpha"
          ondown="viewControlZoomOut(false);
"
          onup="viewControlZoomStop();
"
          tooltip="controlBar_dpadzoomOutTip"
          visible="false"
          devices="desktop"
          />
  <layer name="controlBar_dpadzoom_slider_bg"
          url="%FIRSTXML%/graphics/crosscornerbar/slider_bg_vertical.png"
          keep="true"
          align="bottom"
          alpha="0.2"
          visible="false"
          devices="desktop"
          >
    <layer name="controlBar_dpadzoom_slider_grip"
           keep="true"
           url="%FIRSTXML%/graphics/crosscornerbar/slider_grip_vertical.png"
           align="top"
           edge="center"
           ondown="controlBar_dpadzoom_slider_grip_ondown();"
           />
  </layer>

  <layer name="controlBar_dpadbtn_openfs"
          url="%FIRSTXML%/graphics/crosscornerbar/btn_enter_fs.png"
          onclick="enterFullscreen();
"
          style="controlBar_dpadbtn_vertical_style|controlBar_dpadbtn_vertical_style_alpha"
          tooltip="controlBar_dpadopenFsTip"
          visible="false"
          devices="fullscreensupport"
          />
  <layer name="controlBar_dpadbtn_closefs"
          url="%FIRSTXML%/graphics/crosscornerbar/btn_close_fs.png"
          onclick="exitFullscreen();
"
          style="controlBar_dpadbtn_vertical_style|controlBar_dpadbtn_vertical_style_alpha"
          visible="false"
          tooltip="controlBar_dpadcloseFsTip"
          devices="fullscreensupport"
          />




  <layer name="controlBar_dpadbtn_ctrlmode_move_to"
          url="%FIRSTXML%/graphics/crosscornerbar/btn_move_to.png"
          style="controlBar_dpadbtn_vertical_style|controlBar_dpadbtn_vertical_style_alpha"
          tooltip="controlBar_dpadctrlmodeMoveTip"
          onclick="setControlModeMoveTo();
"
          visible="false"
          devices="desktop"
          />
  <layer name="controlBar_dpadbtn_ctrlmode_drag_to"
          url="%FIRSTXML%/graphics/crosscornerbar/btn_drag_to.png"
          style="controlBar_dpadbtn_vertical_style|controlBar_dpadbtn_vertical_style_alpha"
          tooltip="controlBar_dpadctrlmodeDragTip"
          onclick="setControlModeDragTo();
"
          visible="false"
          devices="desktop"
          />


</layer>

  <action name="controlBar_dpadvertical_onout_action">
    set(layer[controlBar_dpadmenu_vertical_bg].alpha, 0.2);
    if (device.fullscreensupport,
      set(layer[controlBar_dpadbtn_openfs].alpha, 0.2);
      set(layer[controlBar_dpadbtn_closefs].alpha, 0.2);
    );
    if (device.desktop,
    set(layer[controlBar_dpadbtn_in].alpha, 0.2);
    set(layer[controlBar_dpadbtn_out].alpha, 0.2);
    set(layer[controlBar_dpadzoom_slider_bg].alpha, 0.2);
    );


    set(layer[controlBar_dpadbtn_autorotate_off].alpha, 0.2);
    set(layer[controlBar_dpadbtn_autorotate_on ].alpha, 0.2);
    if (device.desktop,
      set(layer[controlBar_dpadbtn_ctrlmode_drag_to].alpha, 0.2);
      set(layer[controlBar_dpadbtn_ctrlmode_move_to].alpha, 0.2);
    );
  </action>

  <action name="controlBar_dpadvertical_onover_action">
    set(layer[controlBar_dpadmenu_vertical_bg].alpha, 1);
    if (device.fullscreensupport,
      set(layer[controlBar_dpadbtn_openfs].alpha, 1);
      set(layer[controlBar_dpadbtn_closefs].alpha, 1);
    );
    if (device.desktop,
    set(layer[controlBar_dpadbtn_in].alpha, 1);
    set(layer[controlBar_dpadbtn_out].alpha, 1);
    set(layer[controlBar_dpadzoom_slider_bg].alpha, 1);
    );


    set(layer[controlBar_dpadbtn_autorotate_off].alpha, 1);
    set(layer[controlBar_dpadbtn_autorotate_on ].alpha, 1);
    if (device.desktop,
      set(layer[controlBar_dpadbtn_ctrlmode_drag_to].alpha, 1);
      set(layer[controlBar_dpadbtn_ctrlmode_move_to].alpha, 1);
    );
  </action>

  <action name="controlBar_dpadhorizontal_onout_action">
    set(layer[controlBar_dpadmenu_horizontal_bg].alpha, 0.2);


    if (scene.count GT 1,
    set(layer[controlBar_dpadbtn_prev_pano].alpha, 0.2);
    set(layer[controlBar_dpadbtn_next_pano].alpha, 0.2);
    );



 
  </action>

  <action name="controlBar_dpadhorizontal_onover_action">
    set(layer[controlBar_dpadmenu_horizontal_bg].alpha, 1);


    if (scene.count GT 1,
    set(layer[controlBar_dpadbtn_prev_pano].alpha, 1);
    set(layer[controlBar_dpadbtn_next_pano].alpha, 1);
    );




  </action>

  <style name="controlBar_dpadbtn_horizontal_style"
         keep="true"
         align="left"
         onhover="controlBar_dpadshowHorizontalMenuTooltip();"
         onout="hideTooltip();"
               crop="0| 0|30|30"
         onovercrop="0|30|30|30"
         ondowncrop="0|60|30|30"
         y="0"
         />
<style name="controlBar_dpadbtn_horizontal_style_alpha"
	alpha="1.0"
	devices="tablet.or.mobile"
	/>
<style name="controlBar_dpadbtn_horizontal_style_alpha"
	alpha="0.2"
	devices="desktop"
	/>

  <layer name="controlBar_dpadmenu_horizontal_bg"
          url="%FIRSTXML%/graphics/crosscornerbar/btn_bg_horizontal.png"
          keep="true"
          align="bottomleft"
          x="118"
          y="64"
          edge="left"
          zorder="5"
          scale9grid="10|12|40|3"
          style="controlBar_dpadmenu_bg_alpha"
          visible="false"
          />

  <layer name="controlBar_dpadmenu_horizontal_bg_border"
          url="%FIRSTXML%/graphics/crosscornerbar/btn_bg_border_horizontal.png"
          keep="true"
          align="bottomleft"
          x="118"
          y="64"
          edge="left"
          zorder="6"
          scale9grid="10|12|40|3"
          onout="controlBar_dpadhorizontal_onout_action();"
          onover="controlBar_dpadhorizontal_onover_action();"
          visible="false"
          >
    <layer name="controlBar_dpadbtn_prev_pano"
            url="%FIRSTXML%/graphics/crosscornerbar/btn_previous_scene.png"
            onclick="loadPreviousScene();
"
            style="controlBar_dpadbtn_horizontal_style|controlBar_dpadbtn_horizontal_style_alpha"
            tooltip="controlBar_dpadprevSceneTip"
            visible="false"
            />
    <layer name="controlBar_dpadbtn_next_pano"
            url="%FIRSTXML%/graphics/crosscornerbar/btn_next_scene.png"
            onclick="loadNextScene();
"
            style="controlBar_dpadbtn_horizontal_style|controlBar_dpadbtn_horizontal_style_alpha"
            tooltip="controlBar_dpadnextSceneTip"
            visible="false"
            />






  </layer>


	
	<style name="controlBar_dpadbtn_navigation_style"
		keep="true"
		onhover="controlBar_dpadshowVerticalMenuTooltip();"
		onout="hideTooltip();"
		crop="0|0|30|30"
		onovercrop="0|30|30|30"
		ondowncrop="0|60|30|30"
	/>
	<style name="controlBar_dpadbtn_navigation_style_alpha"
		alpha="1.0"
		devices="tablet.or.mobile"
	/>
	<style name="controlBar_dpadbtn_navigation_style_alpha"
		alpha="0.2"
		devices="desktop"
	/>
	<style name="controlBar_dpadbtn_navigation_style_showctrl"
		keep="true"
		onout="hideTooltip();set(alpha, 0.5);"
		onover="set(alpha, 1);"
	/>
	
	<layer name="controlBar_dpadnavigation_bg"
		url="%FIRSTXML%/graphics/crosscornerbar/btn_bg_move.png"
		align="bottomleft"
		x="10"
		y="10"
		keep="true"
		capture="false"
		zorder="5"
		style="controlBar_dpadmenu_bg_alpha"
		visible="false"
		/>

  <layer name="controlBar_dpadnavigation_bg_border"
          url="%FIRSTXML%/graphics/crosscornerbar/btn_bg_border_move.png"
          keep="true"
          align="bottomleft"
          x="10"
          y="10"
          capture="false"
          zorder="6"
          onout="controlBar_dpadnav_onout_action();"
          onover="controlBar_dpadnav_onover_action();"
          visible="false"
          >
    <layer name="controlBar_dpadbtn_left"
            ondown="viewControlMoveLeft(false);
"
            onup="viewControlMoveHoriStop();
"
            url="%FIRSTXML%/graphics/crosscornerbar/btn_move_left.png"
            style="controlBar_dpadbtn_navigation_style|controlBar_dpadbtn_navigation_style_alpha"
            tooltip="controlBar_dpadmoveLeftTip"
            x="5"
            y="0"
            edge="left"
            align="left"
            visible="false"
             />
    <layer name="controlBar_dpadbtn_right"
            ondown="viewControlMoveRight(false);
"
            onup="viewControlMoveHoriStop();
"
            url="%FIRSTXML%/graphics/crosscornerbar/btn_move_right.png"
            style="controlBar_dpadbtn_navigation_style|controlBar_dpadbtn_navigation_style_alpha"
            tooltip="controlBar_dpadmoveRightTip"
            x="5"
            y="0"
            edge="right"
            align="right"
            visible="false"
             />
    <layer name="controlBar_dpadbtn_up"
            ondown="viewControlMoveUp(false);
"
            onup="viewControlMoveVertStop();
"
            url="%FIRSTXML%/graphics/crosscornerbar/btn_move_up.png"
            style="controlBar_dpadbtn_navigation_style|controlBar_dpadbtn_navigation_style_alpha"
            tooltip="controlBar_dpadmoveUpTip"
            x="0"
            y="5"
            align="top"
            edge="top"
            visible="false"
             />
    <layer name="controlBar_dpadbtn_down"
            ondown="viewControlMoveDown(false);
"
            onup="viewControlMoveVertStop();
"
            url="%FIRSTXML%/graphics/crosscornerbar/btn_move_down.png"
            style="controlBar_dpadbtn_navigation_style|controlBar_dpadbtn_navigation_style_alpha"
            tooltip="controlBar_dpadmoveDownTip"
            x="0"
            y="5"
            edge="bottom"
            align="bottom"
            visible="false"
             />

	<layer name="controlBar_dpadbtn_hidecontrols"
		url="%FIRSTXML%/graphics/crosscornerbar/btn_hide_controls.png"
		style="controlBar_dpadbtn_navigation_style"
		onclick="hideTourControls();
"
		edge="center"
		align="center"
		tooltip="controlBar_dpadhideControlsTip"
		visible="false"
		alpha="1.0"
		/>
	<layer name="controlBar_dpadbtn_showcontrols"
		onclick="showTourControls();
"
		url="%FIRSTXML%/graphics/crosscornerbar/btn_show_controls.png"
		style="controlBar_dpadbtn_navigation_style|controlBar_dpadbtn_navigation_style_showctrl"
		align="center"
		edge="center"
		visible="false"
		alpha="0.5"
		tooltip="controlBar_dpaddisplayControlsTip"
		/>
	
</layer>


  <action name="controlBar_dpadnav_onout_action">
    set(layer[controlBar_dpadnavigation_bg].alpha, 0.2);
    set(layer[controlBar_dpadbtn_left].alpha, 0.2);
    set(layer[controlBar_dpadbtn_right].alpha, 0.2);
    set(layer[controlBar_dpadbtn_up].alpha, 0.2);
    set(layer[controlBar_dpadbtn_down].alpha, 0.2);
  </action>

  <action name="controlBar_dpadnav_onover_action">
    set(layer[controlBar_dpadnavigation_bg].alpha, 1);
    set(layer[controlBar_dpadbtn_left].alpha, 1);
    set(layer[controlBar_dpadbtn_right].alpha, 1);
    set(layer[controlBar_dpadbtn_up].alpha, 1);
    set(layer[controlBar_dpadbtn_down].alpha, 1);
  </action>



	<events name="controlBar_dpadAutorotationEvents"
		onstartautorotation="controlBar_dpadupdateAutorotationButtons();"
		onresumeautorotation="controlBar_dpadupdateAutorotationButtons();"
		onstopautorotation="controlBar_dpadupdateAutorotationButtons();"
		onpauseautorotation="controlBar_dpadupdateAutorotationButtons();"
		keep="true"/>
	<action name="controlBar_dpadHideAutorotationButtons">
		set(layer[controlBar_dpadbtn_autorotate_off].visible, false);
		set(layer[controlBar_dpadbtn_autorotate_on].visible , false);
	</action>
	<action name="controlBar_dpadShowAutorotationButtons">
		if(autorotate.enabled == false,
			set(layer[controlBar_dpadbtn_autorotate_off].visible, false);
			set(layer[controlBar_dpadbtn_autorotate_on].visible , true);
		,
			set(layer[controlBar_dpadbtn_autorotate_off].visible, true);
			set(layer[controlBar_dpadbtn_autorotate_on].visible , false);
		);
	</action>
	<action name="controlBar_dpadupdateAutorotationButtons">
		if (tour_displaycontrols,
			controlBar_dpadShowAutorotationButtons();
		,
			controlBar_dpadHideAutorotationButtons();
		);
	</action>



	<events name="controlBar_dpadcontrolmodechangedevent" oncontrolmodechanged="if (controlBar_dpadControlModeButtonsActivated,controlBar_dpadupdateControlModeButtons(););" onxmlcomplete="set(controlBar_dpadControlModeButtonsActivated, true);" keep="true"/>
	<action name="controlBar_dpadHideControlModeButtons">
		set(layer[controlBar_dpadbtn_ctrlmode_move_to].visible, false);
		set(layer[controlBar_dpadbtn_ctrlmode_drag_to].visible, false);
	</action>
	<action name="controlBar_dpadShowControlModeButtons">
		if (tour_controlmodemousetype == "moveto",
			set(layer[controlBar_dpadbtn_ctrlmode_drag_to].visible, true);
			set(layer[controlBar_dpadbtn_ctrlmode_move_to].visible, false);
		,
			set(layer[controlBar_dpadbtn_ctrlmode_move_to].visible, true);
			set(layer[controlBar_dpadbtn_ctrlmode_drag_to].visible, false);
		);
	</action>
	<action name="controlBar_dpadupdateControlModeButtons">
	if (device.desktop,
		if (tour_displaycontrols,
			controlBar_dpadShowControlModeButtons();
		,
			controlBar_dpadHideControlModeButtons();
		);
	,
		controlBar_dpadHideControlModeButtons();
	);
	</action>
	
  <action name="controlBar_dpadzoom_slider_grip_dragging">
    if (pressed,
      sub(dy, mouse.stagey, drag_stagey); 
      add(newy, drag_currenty, dy); 

      if(newy LT 0, set(newy, 0) );
      if(newy GT layer[controlBar_dpadzoom_slider_bg].pixelheight, copy(newy, layer[controlBar_dpadzoom_slider_bg].pixelheight));
      copy(y, newy);

      div(val, newy, layer[controlBar_dpadzoom_slider_bg].pixelheight);

      sub(fovrange, view.fovmax, view.fovmin);
      mul(newfov  , val, fovrange);
      add(newfov  , view.fovmin);
      set(view.fov, get(newfov));

      delayedcall(0, controlBar_dpadzoom_slider_grip_dragging());
    );
  </action>
  <action name="controlBar_dpadzoom_slider_grip_ondown">
    copy(drag_currenty, y);
    copy(drag_stagey, mouse.stagey);
    controlBar_dpadzoom_slider_grip_dragging();
  </action>
  <events name="controlBar_dpadzoom_slider_events" keep="true" onviewchanged="controlBar_dpadzoom_slider_update();" />
  <action name="controlBar_dpadzoom_slider_update">
    if (device.desktop,
    ifnot (layer[controlBar_dpadzoom_slider_grip].pressed,
      sub(val, view.fov, view.fovmin);
      sub(fovrange, view.fovmax, view.fovmin);
      div(val, fovrange);
      mul(newy, val, layer[controlBar_dpadzoom_slider_bg].pixelheight);
      set(layer[controlBar_dpadzoom_slider_grip].y, get(newy));
    );
    );
  </action>

	<events name="controlBar_dpadmenufullscreenchangeevent"
		onenterfullscreen="controlBar_dpadupdateFullscreenButtons();"
		onexitfullscreen="controlBar_dpadupdateFullscreenButtons();"
		keep="true"/>
	<action name="controlBar_dpadHideFullscreenButtons">
		set(layer[controlBar_dpadbtn_openfs].visible , false);
		set(layer[controlBar_dpadbtn_closefs].visible, false);
	</action>
	<action name="controlBar_dpadShowFullscreenButtons">
		if (device.fullscreensupport,
			if(tour_fullscreen,
				set(layer[controlBar_dpadbtn_openfs].visible , false);
				set(layer[controlBar_dpadbtn_closefs].visible, true);
			,
				set(layer[controlBar_dpadbtn_openfs].visible ,true);
				set(layer[controlBar_dpadbtn_closefs].visible,false);
			);
		,
			controlBar_dpadHideFullscreenButtons();
		);
	</action>
	<action name="controlBar_dpadupdateFullscreenButtons">
		if (tour_displaycontrols,
			controlBar_dpadShowFullscreenButtons();
		,
			controlBar_dpadHideFullscreenButtons();
		);
	</action>
	



	<events name="controlBar_dpadmenuhideshowcontrolsevent"
		hidetourcontrols="controlBar_dpadhideMenuControls();"
		showtourcontrols="controlBar_dpadshowMenuControls();"
		keep="true"/>
	

<action name="controlBar_dpadhideMenuControls">
		set(controlBar_dpadIsOpened, false);
		set(layer[controlBar_dpadnavigation_bg].visible, false);
		
			set(layer[controlBar_dpadbtn_up].visible, false);
			set(layer[controlBar_dpadbtn_down].visible, false);
			set(layer[controlBar_dpadbtn_left].visible, false);
			set(layer[controlBar_dpadbtn_right].visible, false);
		
		set(layer[controlBar_dpadnavigation_bg_border].visible, true);
		tween(layer[controlBar_dpadnavigation_bg_border].alpha, 0.5, 1);
		
		
		if(controlBar_dpadverticalheight GT 0,
			set(layer[controlBar_dpadmenu_vertical_bg].visible, false);
				set(layer[controlBar_dpadbtn_in].visible, false);
				set(layer[controlBar_dpadbtn_out].visible, false);
					set(layer[controlBar_dpadzoom_slider_bg].visible, false);


				controlBar_dpadupdateAutorotationButtons();


				controlBar_dpadupdateFullscreenButtons();
				controlBar_dpadupdateControlModeButtons();
			tween(layer[controlBar_dpadmenu_vertical_bg_border].alpha , 0, 1);
			tween(layer[controlBar_dpadmenu_vertical_bg_border].height , 0, 1, easeOutQuad, set(layer[controlBar_dpadmenu_vertical_bg_border].visible, false));
		);
		
		
		if(controlBar_dpadhorizontalwidth != 0,
			set(layer[controlBar_dpadmenu_horizontal_bg].visible, false);


				if (scene.count GT 1,
					set(layer[controlBar_dpadbtn_prev_pano].visible, false);
					set(layer[controlBar_dpadbtn_next_pano].visible, false);
				);




			tween(layer[controlBar_dpadmenu_horizontal_bg_border].alpha , 0, 1);
			tween(layer[controlBar_dpadmenu_horizontal_bg_border].width, 0, 1, easeOutQuad, set(layer[controlBar_dpadmenu_horizontal_bg_border].visible, false));
		);
		set(layer[controlBar_dpadbtn_showcontrols].visible, true);
		set(layer[controlBar_dpadbtn_hidecontrols].visible, false);
	</action>
	
	<action name="controlBar_dpadshowMenuControls">
	set(controlBar_dpadIsOpened, true);
    set(layer[controlBar_dpadbtn_showcontrols].visible, false);
    set(layer[controlBar_dpadbtn_hidecontrols].visible, true);
    set(layer[controlBar_dpadnavigation_bg].visible, true);

    set(layer[controlBar_dpadbtn_up].visible, true);
    set(layer[controlBar_dpadbtn_down].visible, true);
    set(layer[controlBar_dpadbtn_left].visible, true);
    set(layer[controlBar_dpadbtn_right].visible, true);

    set(layer[controlBar_dpadnavigation_bg_border].visible, true);
    tween(layer[controlBar_dpadnavigation_bg_border].alpha, 1, 1);

    
    if(controlBar_dpadverticalheight GT 0,
      set(layer[controlBar_dpadmenu_vertical_bg_border].visible, true);
      tween(layer[controlBar_dpadmenu_vertical_bg_border].alpha, 1, 1);
      tween(layer[controlBar_dpadmenu_vertical_bg_border].height, get(controlBar_dpadverticalheight), 1, easeOutQuad,
        set(layer[controlBar_dpadmenu_vertical_bg].visible, true);
        controlBar_dpadupdateFullscreenButtons();
        controlBar_dpadupdateAutorotationButtons();


        if (device.desktop,
        set(layer[controlBar_dpadbtn_in].visible, true);
        set(layer[controlBar_dpadbtn_out].visible, true);
        set(layer[controlBar_dpadzoom_slider_bg].visible, true);
        );


      );
    );

    
    if(controlBar_dpadhorizontalwidth != 0,
      set(layer[controlBar_dpadmenu_horizontal_bg_border].visible, true);
      tween(layer[controlBar_dpadmenu_horizontal_bg_border].alpha, 1, 1);
      tween(layer[controlBar_dpadmenu_horizontal_bg_border].width, get(controlBar_dpadhorizontalwidth), 1, easeOutQuad,
        set(layer[controlBar_dpadmenu_horizontal_bg].visible, true);


        if (scene.count GT 1,
          set(layer[controlBar_dpadbtn_prev_pano].visible, true);
          set(layer[controlBar_dpadbtn_next_pano].visible, true);
        );
        controlBar_dpadupdateControlModeButtons();






      );
    );
  </action>



  <action name="controlBar_dpadshowHorizontalMenuTooltip">
    if (tooltip !== null, showTooltip('plugin', controlBar_dpadhorizMenuTooltipStyle, bottom););
  </action>
  <action name="controlBar_dpadshowVerticalMenuTooltip">
    if (tooltip !== null, showTooltip('plugin', controlBar_dpadverticalMenuTooltipStyle, left););
  </action>

  <layer name="controlBar_dpadhorizMenuTooltipStyle"
	keep="true"
	enabled="false"
	capture="false"
	url="%FIRSTXML%/graphics/textfield.swf"
	align="center"
	background="true"
	backgroundcolor="0x462c72"
	backgroundalpha="1"
	border="true"
	borderwidth="2.0"
	bordercolor="0xbafefd"
	borderalpha="1"
	css="color:#bafefd;font-family:Times New Roman;font-weight:bold;font-size:14px;text-align:left;"
	height="20"
	autoheight="true"
	autowidth="auto"
	selectable="false"
	zorder="0"
	padding="2"
	xoffset="0"
	visible="false"
	html=""
	edge="bottom"
	yoffset="-10"
  />
  <layer name="controlBar_dpadverticalMenuTooltipStyle"
	keep="true"
	enabled="false"
	capture="false"
	url="%FIRSTXML%/graphics/textfield.swf"
	align="center"
	background="true"
	backgroundcolor="0x462c72"
	backgroundalpha="1"
	border="true"
	borderwidth="2.0"
	bordercolor="0xbafefd"
	borderalpha="1"
	css="color:#bafefd;font-family:Times New Roman;font-weight:bold;font-size:14px;text-align:left;"
	height="20"
	autoheight="true"
	autowidth="auto"
	selectable="false"
	zorder="0"
	padding="2"
	yoffset="0"
	visible="false"
	html=""
	edge="left"
	xoffset="10"
  />






<!-- ********** -->
<!-- Description -->
<!-- id : description -->
<!-- ********** -->

<ptplugin name="description" canStart="false" newPano="false" openatstart="false" mode="panorama" startMethod="showDescription_description" engine="kolorArea">
	<settings>
		<option name="position" value="topright" type="string" />
		<option name="start_position" value="left" type="string" />
		<option name="margin_x" value="0" type="int" />
		<option name="margin_y" value="0" type="int" />
		<option name="background_color" value="f2f2f2" type="string" />
		<option name="background_alpha" value="1" type="float" />
		<option name="topleft_radius" value="0" type="int" />
		<option name="topright_radius" value="0" type="int" />
		<option name="bottomleft_radius" value="0" type="int" />
		<option name="bottomright_radius" value="0" type="int" />
		<option name="area_border_width" value="0" type="int" />
		<option name="area_border_color" value="f2f2f2" type="string" />
		<option name="area_border_alpha" value="1" type="float" />
		<option name="padding" value="15" type="int" />
		<option name="display_title" value="false" type="bool" />
		<option name="close_displayed" value="false" type="bool" />
		<option name="close_text" value="descriptiondisplay_close_text" type="string" />

		<option name="overlay_displayed" value="false" type="bool" />
		<option name="overlay_color" value="000000" type="string" />
		<option name="overlay_alpha" value="0.50000762951094835" type="float" />

		<option name="area_width" value="20" type="int" />
		<option name="area_height" value="100" type="int" />
		<option name="area_width_unit" value="percent" type="string" />
		<option name="area_height_unit" value="percent" type="string" />
		<option name="animation" value="false" type="bool" />
		<option name="animation_duration" value="500" type="int" />
		<option name="refresh_content" value="true" type="bool" />
		<option name="close_callback" value="invokeKrFunction('closeKolorAreaCallback_description')" type="string" />
		<option name="close_on_click" value="false" type="bool" />
		<option name="zorder" value="7" type="int" />
		<option name="use_i18n" value="true" type="bool" />
	</settings>
</ptplugin>

<action name="kolorAreaJsReady_description">
	set(ptplugin[description].jsready, true);

</action>


<action name="openKolorArea_description">
	ifnot(ptplugin[description].isOpen,
		set(ptplugin[description].isOpen, true);
		
		js(showKolorArea(description, get(ptplugin[description].descID)));
		events.dispatch(onremovedisplayedobject);
	);
</action>

<action name="closeKolorArea_description">
	if(ptplugin[description].isOpen,
		js(invokePluginFunction(description, closeKolorArea));
	);
</action>

<action name="toggleKolorArea_description">
	if(ptplugin[description].isOpen,
		closeKolorArea_description();
	,
		openKolorArea_description();
	);
</action>

<action name="closeKolorAreaCallback_description">
	set(ptplugin[description].isOpen, false);
	if(tour_displayinfo,hideTourInfo();

	);
</action>



<action name="showKolorArea_description">
	ifnot(ptplugin[description].startMethod == "",
		delayedcall(0,get(ptplugin[description].startMethod));
	,
		set(ptplugin[description].isOpen, true);
		
		js(invokePluginFunction(description, showKolorArea, %1));
		events.dispatch(onremovedisplayedobject);
	);
</action>
	
<action name="hideKolorArea_description">
	
	set(ptplugin[description].isOpen, false);
	js(invokePluginFunction(description, hideKolorArea, %1));
</action>

<action name="openDescription_description">
	openKolorArea_description();
</action>

<action name="openSpotDescription_description">
	set(ptplugin[description].descID, %1);
	openKolorArea_description();
</action>

<action name="closeDescription_description">
	set(ptplugin[description].currentGroup, false);
	if(%1,
		set(restore_description, true);
	,
		set(restore_description, false);
	);
	closeKolorArea_description();
</action> 

<action name="showDescription_description">
	if(ptplugin[description].canStart,
		set(ptplugin[description].descID, get(scene[get(xml.scene)].descriptionid));
		if(ptplugin[description].descID == null,
			set(ptplugin[description].descID, "");
		);
		if(ptplugin[description].descID != "",
			openDescription_description();
		,
			hideKolorArea_description(false);
		);
		set(ptplugin[description].startMethod, "");
	);
</action>


<action name="refreshPanoDescription_description">
	set(ptplugin[description].descID, get(scene[get(xml.scene)].descriptionid));
	if(ptplugin[description].descID == null,
		set(ptplugin[description].descID, "");
	);
	if(ptplugin[description].descID != "",
		if(ptplugin[description].isOpen,
			js(invokePluginFunction(description, updateKolorArea, get(ptplugin[description].descID)));
		,
			if(restore_description,
				showDescription_description();
			);
		);
	,
		if(tour_displayinfo,
			delayedcall(0.1,showTourInfo();
);
		);
		closeDescription_description(get(ptplugin[description].isOpen));
	);
</action>

<action name="onNewPano_description">
	if(ptplugin[description].newPano,
		if(ptplugin[description].startMethod == "",
			if(ptplugin[description].isOpen,
				refreshPanoDescription_description();
			,
				if(tour_displayinfo,
				showDescription_description();
				,
				refreshPanoDescription_description();
				);
			);
		);
	);
	set(ptplugin[description].newPano, true);
</action>

<action name="changeLanguage_description">
	if(ptplugin[description].jsready,
		stopdelayedcall(delay_description);
		js(invokePluginFunction(description, changeLanguage, true));
	,
		delayedcall(delay_description, 0.1, changeLanguage_description(););
	);
</action>

<events name="kolorAreaEvents_description" 
	keep="true"
	onTourStart="set(ptplugin[description].canStart, true);if(ptplugin[description].openatstart,showTourInfo();
);"
	onshowtourinfo="if(tour_displayinfo,showDescription_description(););"
	onhidetourinfo="if(ptplugin[description].isOpen,closeDescription_description(false););"
	onnewpano="onNewPano_description();"
	changetourlanguage="changeLanguage_description();"
/>

<!-- ********** -->
<!-- PDF Box -->
<!-- id : PdfViewer -->
<!-- ********** -->

<ptplugin name="PdfViewer" engine="kolorBox">
	<settings>
		<option name="position" value="center" type="string" />
		<option name="margin_x" value="0" type="int" />
		<option name="margin_y" value="0" type="int" />
		<option name="external_padding" value="15" type="int" />
		<option name="draggable_box" value="false" type="bool" />
		<option name="container_auto_size" value="true" type="bool" />
		<option name="container_width" value="100" type="int" />
		<option name="container_width_unit" value="percent" type="string" />
		<option name="container_height" value="100" type="int" />
		<option name="container_height_unit" value="percent" type="string" />
		<option name="container_color" value="4bff0f" type="string" />
		<option name="container_alpha" value="0.59999999999999998" type="float" />
		<option name="container_topleft_border_radius" value="40" type="int" />
		<option name="container_topright_border_radius" value="40" type="int" />
		<option name="container_bottomleft_border_radius" value="40" type="int" />
		<option name="container_bottomright_border_radius" value="40" type="int" />
		<option name="container_border_width" value="4" type="int" />
		<option name="container_border_color" value="4cff00" type="string" />
		<option name="container_border_alpha" value="1" type="float" />
		<option name="overlay_displayed" value="false" type="bool" />
		<option name="overlay_color" value="000000" type="string" />
		<option name="overlay_alpha" value="0.50000762951094835" type="float" />

		<option name="title_displayed" value="false" type="bool" />
		<option name="title_position" value="top" type="string" />
		<option name="title_font" value="Verdana" type="string" />
		<option name="title_size" value="14" type="int" />
		<option name="title_weight" value="normal" type="string" />
		<option name="title_style" value="normal" type="string" />
		<option name="title_decoration" value="none" type="string" />
		<option name="title_color" value="000000" type="string" />
		<option name="caption_displayed" value="false" type="bool" />
		<option name="fullscreen_displayed" value="true" type="bool" />
		<option name="fullscreen_position" value="topleft" type="string" />
		<option name="fullscreen_text" value="PdfViewerfullscreen_text" type="string" />




		<option name="close_displayed" value="true" type="bool" />
		<option name="close_position" value="topright" type="string" />
		<option name="close_text" value="PdfViewerclose_text" type="string" />

		<option name="iframe_default_width" value="600" type="int" />
		<option name="iframe_default_height" value="840" type="int" />
		<option name="iframe_devices_width" value="1024" type="int" />
		<option name="iframe_devices_height" value="5000" type="int" />
		<option name="force_ios_scrolling" value="true" type="bool" />
		<option name="close_callback" value="invokeKrFunction('closeKolorBoxCallback_PdfViewer')" type="string" />
		<option name="zorder" value="8" type="int" />
		<option name="use_i18n" value="true" type="bool" />
	</settings>
	<internaldata>
		
	</internaldata>
</ptplugin>

<action name="kolorBoxJsReady_PdfViewer">
	set(ptplugin[PdfViewer].jsready, true);
</action>

<action name="openPDF_PdfViewer">
	ifnot(ptplugin[PdfViewer].isOpen,
		set(ptplugin[PdfViewer].isOpen, true);
		set(ptplugin[PdfViewer].doNotDeleteMe, false);
		set(PdfViewer_boxurl, %1);
		pauseautorotation(forceplugin);

		js(invokePluginFunction(PdfViewer, loadSingleArrayItem, %1?iframe=true, %2));
		events.dispatch(onremovedisplayedobject);
	,
		if('%1' != PdfViewer_boxurl,
			closeKolorBox_PdfViewer();
			delayedcall(0.3,openPDF_PdfViewer(%1,%2););
		);
	);
</action>

<action name="togglePDF_PdfViewer">
	js(invokePluginFunction(PdfViewer, toggleKolorBox, %1));
</action>


<action name="closeKolorBox_PdfViewer">
	js(invokePluginFunction(PdfViewer, closeKolorBox));
</action>

<action name="closeKolorBoxCallback_PdfViewer">
	resumeautorotation(forceplugin);

	set(ptplugin[PdfViewer].isOpen, false);
</action>

<action name="changeLanguage_PdfViewer">
	if(ptplugin[PdfViewer].jsready,
		stopdelayedcall(delay_PdfViewer);
		js(invokePluginFunction(PdfViewer, changeLanguage));
	,
		delayedcall(delay_PdfViewer, 0.1, changeLanguage_PdfViewer(););
	);
</action>

<events name="kolorBoxEvents_PdfViewer" 
	keep="true"
	changetourlanguage="changeLanguage_PdfViewer();"
	/>

<!-- ********** -->
<!-- Web video Box -->
<!-- id : webVideoViewer -->
<!-- ********** -->

<ptplugin name="webVideoViewer" engine="kolorBox">
	<settings>
		<option name="position" value="center" type="string" />
		<option name="margin_x" value="0" type="int" />
		<option name="margin_y" value="0" type="int" />
		<option name="external_padding" value="15" type="int" />
		<option name="draggable_box" value="false" type="bool" />
		<option name="container_auto_size" value="true" type="bool" />
		<option name="container_width" value="100" type="int" />
		<option name="container_width_unit" value="percent" type="string" />
		<option name="container_height" value="100" type="int" />
		<option name="container_height_unit" value="percent" type="string" />
		<option name="container_color" value="22ff00" type="string" />
		<option name="container_alpha" value="0.50000762951094835" type="float" />
		<option name="container_topleft_border_radius" value="40" type="int" />
		<option name="container_topright_border_radius" value="40" type="int" />
		<option name="container_bottomleft_border_radius" value="40" type="int" />
		<option name="container_bottomright_border_radius" value="40" type="int" />
		<option name="container_border_width" value="4" type="int" />
		<option name="container_border_color" value="00ff00" type="string" />
		<option name="container_border_alpha" value="1" type="float" />
		<option name="overlay_displayed" value="false" type="bool" />
		<option name="overlay_color" value="000000" type="string" />
		<option name="overlay_alpha" value="0.50000762951094835" type="float" />

		<option name="title_displayed" value="false" type="bool" />
		<option name="title_position" value="top" type="string" />
		<option name="title_font" value="Verdana" type="string" />
		<option name="title_size" value="14" type="int" />
		<option name="title_weight" value="normal" type="string" />
		<option name="title_style" value="normal" type="string" />
		<option name="title_decoration" value="none" type="string" />
		<option name="title_color" value="000000" type="string" />
		<option name="caption_displayed" value="false" type="bool" />
		<option name="video_autoplay" value="false" type="bool" />
		<option name="fullscreen_displayed" value="true" type="bool" />
		<option name="fullscreen_position" value="topleft" type="string" />
		<option name="fullscreen_text" value="webVideoViewerfullscreen_text" type="string" />




		<option name="close_displayed" value="true" type="bool" />
		<option name="close_position" value="topright" type="string" />
		<option name="close_text" value="webVideoViewerclose_text" type="string" />

		<option name="close_callback" value="invokeKrFunction('closeKolorBoxCallback_webVideoViewer')" type="string" />
		<option name="zorder" value="9" type="int" />
		<option name="use_i18n" value="true" type="bool" />
	</settings>
	<internaldata>
		
	</internaldata>
</ptplugin>

<action name="kolorBoxJsReady_webVideoViewer">
	set(ptplugin[webVideoViewer].jsready, true);
</action>

<action name="openWebVideo_webVideoViewer">
	ifnot(ptplugin[webVideoViewer].isOpen,
		set(ptplugin[webVideoViewer].isOpen, true);
		set(ptplugin[webVideoViewer].doNotDeleteMe, false);
		pauseautorotation(forceplugin);

		
		getmessage(webVideoViewer_boxurl, %1);
		js(invokePluginFunction(webVideoViewer, loadSingleArrayItem, get(webVideoViewer_boxurl), %2));
		events.dispatch(onremovedisplayedobject);
	,
		if('%1' != webVideoViewer_boxurl,
			closeKolorBox_webVideoViewer();
			delayedcall(0.3,openWebVideo_webVideoViewer(%1,%2););
		);
	);
</action>

<action name="toggleWebVideo_webVideoViewer">
	js(invokePluginFunction(webVideoViewer, toggleKolorBox, %1));
</action>


<action name="closeKolorBox_webVideoViewer">
	js(invokePluginFunction(webVideoViewer, closeKolorBox));
</action>

<action name="closeKolorBoxCallback_webVideoViewer">
	resumeautorotation(forceplugin);

	
	set(ptplugin[webVideoViewer].isOpen, false);
</action>

<action name="changeLanguage_webVideoViewer">
	if(ptplugin[webVideoViewer].jsready,
		stopdelayedcall(delay_webVideoViewer);
		js(invokePluginFunction(webVideoViewer, changeLanguage));
	,
		delayedcall(delay_webVideoViewer, 0.1, changeLanguage_webVideoViewer(););
	);
</action>

<events name="kolorBoxEvents_webVideoViewer" 
	keep="true" 
	changetourlanguage="changeLanguage_webVideoViewer();"
	/>

<action name="setViewNormal">
	stopSetViewTweens();
	if(current_view_isflat === true,
		setViewNonFlat(VFOV);
	);
	setViewNormalComplete();
</action>

<action name="setViewNormalComplete">
	set(view.fisheyefovlink, 0.5);
	set(view.fovmax, get(panoview.fovmax));
	tween(view.architectural, 0.0, distance(1.0, 0.45));
	tween(view.pannini, 0.0, distance(1.0, 0.45), easeOutQuad, if(panniniViewActivated,restoreViewFromPannini();););
	tween(view.vlookat, get(panoview.v), distance(90, 0.45));
	tween(view.fov, get(panoview.fov), distance(50, 0.45));
	tween(view.fisheye, 0.0, distance(1.0, 0.45),
		set(view.stereographic,false);
	);
</action>

<krpano normalViewActivated="true" />
<action name="stopSetViewTweens">
	stoptween(view.fov);
	stoptween(view.vlookat);
	stoptween(view.fisheye);
	stoptween(view.architectural);
	stoptween(view.pannini);
</action>

<action name="setViewArchitectural">
	if(normalViewActivated,stopSetViewTweens(););
	if(current_view_isflat === true,
		setViewNonFlat(VFOV);
	);
	setViewArchitecturalComplete();
</action>

<action name="setViewArchitecturalComplete">
	set(view.fovmax, get(panoview.fovmax));
	set(view.fisheyefovlink, 0.5);
	tween(view.architectural, 1.0, distance(1.0, 0.45));
	tween(view.pannini, 0.0, distance(1.0, 0.45), easeOutQuad, if(panniniViewActivated,restoreViewFromPannini();););
	tween(view.fisheye, 0.0, distance(1.0, 0.45), easeOutQuad, 
		set(view.stereographic,false);
		tween(view.vlookat, get(panoview.v), distance(90, 0.45));
	);
	tween(view.fov, get(panoview.fov), distance(50, 0.45));
</action>

  <!-- Fullscreen Management -->
  <action name="exitFullScreen" devices="fullscreensupport">set(tour_fullscreen,false);js(setFullscreen(false));</action>
  <action name="enterFullScreen" devices="fullscreensupport">set(tour_fullscreen,true);js(setFullscreen(true));</action>
  <action name="switchFullScreen">if(tour_fullscreen,exitFullScreen();,enterFullScreen(););</action>

  
  <events name="krpanoExitFullscreenEvent"
    onexitfullscreen="if(tour_fullscreen,exitFullScreenChangeEvent(););"
    keep="true" />

  <action name="exitFullScreenChangeEvent" devices="fullscreensupport">set(tour_fullscreen,false);events.dispatch(onexitfullscreen);</action>
  <action name="enterFullScreenChangeEvent" devices="fullscreensupport">set(tour_fullscreen,true);events.dispatch(onenterfullscreen);</action>
  <action name="exitFullScreenFallback">set(fullscreen,false);</action>
  <action name="enterFullScreenFallback">set(fullscreen,true);</action>
  
  <action name="resizeFullScreenEvent">delayedcall(0,updatescreen(););</action>

<action name="viewControlZoomIn">
	if(%1,
		if(%2,
			if(%2 LT view.fovmin,
				zoomto(get(view.fovmin));
			,
				if(%2 LT view.fov,
					zoomto(%2);
				);
			);
		,
			set(fov_moveforce, -1);
			delayedcall(0.1, viewControlZoomStop());
		);
	,
		set(fov_moveforce, -1);
	);
</action>
<action name="viewControlZoomOut">
	if(%1,
		if(%2,
			if(%2 GT view.fovmax,
				zoomto(get(view.fovmax));
			,
				if(%2 GT view.fov,
					zoomto(%2);
				);
			);
		,
			set(fov_moveforce, +1);
			delayedcall(0.1, viewControlZoomStop());
		);
	,
		set(fov_moveforce, +1);
	);
</action>
<action name="viewControlZoomStop">
	set(fov_moveforce, 0);
</action>

  <!-- Hide / Show Controls -->
  <action name="hideTourControls">set(tour_displaycontrols, false);events.dispatch(hidetourcontrols);</action>
  <action name="showTourControls">set(tour_displaycontrols, true); events.dispatch(showtourcontrols);</action>


  <!-- Tour Information -->
  <action name="hideTourInfo">set(tour_displayinfo, false);events.dispatch(onhidetourinfo);</action>
  <action name="showTourInfo">set(tour_displayinfo, true); events.dispatch(onshowtourinfo);</action>


<action name="setViewLittlePlanet">
	set(sceneisfull360, false);
	if(scene[get(xml.scene)].full360,
		sub(viewhfov, panoview.hmax, panoview.hmin);
		if (viewhfov == 360,
			sub(viewvfov, panoview.vmax, panoview.vmin);
			if (viewvfov == 180,
				set(sceneisfull360, true);
			);
		);
	);
	if (sceneisfull360 AND (device.webgl OR device.flash),
		if(normalViewActivated,stopSetViewTweens(););
		if(current_view_isflat === true,
			setViewNonFlat(VFOV);
		);
		setViewLittlePlanetComplete();
	);
</action>

<action name="setViewLittlePlanetComplete">
	set(backtonormalfirst,false);
	if(view.pannini GE 1.0, set(backtonormalfirst,true));
	if(view.stereographic == false, set(backtonormalfirst,true));
	if(backtonormalfirst, hideTooltip();tween(view.fisheye, 0.0 ,distance(1.0, 0.25), easeOutQuad, WAIT); );
	set(view.stereographic, true);
	set(view.fisheyefovlink, 1.5);
	tween(view.architectural, 0.0, 0.25);
	tween(view.vlookat, 90, distance(179, 1.50));
	tween(view.pannini, 0.0, distance(1.0, 0.75), easeOutQuad, if(panniniViewActivated,restoreViewFromPannini();););
	if(panoview.fovmax LE 150, set(view.fovmax, 150); , set(view.fovmax, get(panoview.fovmax)); );
	tween(view.fisheye, 1.0, distance(1.0, 0.75));
	tween(view.fov, 150, distance(179, 0.75));
</action>

<action name="viewControlMoveUp">
	if(%1,
		if(%2,
			set(isfullvertical, false);
			ifnot(scene[get(xml.scene)].planar,
				sub(viewvfov, panoview.vmax, panoview.vmin);
				if (viewvfov == 180,
					set(isfullvertical, true);
				);
			);
			if(isfullvertical == false AND calc(view.vlookat-%2) LT view.vlookatmin,
				moveto(get(view.hlookat), get(view.vlookatmin));
			,
				moveto(get(view.hlookat), calc(view.vlookat-%2));
			);
		,
			set(vlookat_moveforce, -1);
			delayedcall(0.1, viewControlMoveVertStop());
		);
	,
		set(vlookat_moveforce, -1);
	);
</action>
<action name="viewControlMoveDown">
	if(%1,
		if(%2,
			set(isfullvertical, false);
			ifnot(scene[get(xml.scene)].planar,
				sub(viewvfov, panoview.vmax, panoview.vmin);
				if (viewvfov == 180,
					set(isfullvertical, true);
				);
			);
			if(sceneisfull360 == false AND calc(view.vlookat+%2) GT view.vlookatmax,
				moveto(get(view.hlookat), get(view.vlookatmax));
			,
				moveto(get(view.hlookat), calc(view.vlookat+%2));
			);
		,
			set(vlookat_moveforce, +1);
			delayedcall(0.1, viewControlMoveVertStop());
		);
	,
		set(vlookat_moveforce, +1);
	);
</action>
<action name="viewControlMoveLeft">
	if(%1,
		if(%2,
			set(isfullhorizontal, false);
			ifnot(scene[get(xml.scene)].planar,
				sub(viewhfov, panoview.hmax, panoview.hmin);
				if (viewhfov == 360,
					set(isfullhorizontal, true);
				);
			);
			if(isfullhorizontal == false AND calc(view.hlookat-%2) LT view.hlookatmin,
				moveto(get(view.hlookatmin), get(view.vlookat));
			,
				moveto(calc(view.hlookat-%2), get(view.vlookat));
			);
		,
			set(hlookat_moveforce, -1);
			delayedcall(0.1, viewControlMoveHoriStop());
		);
	,
		set(hlookat_moveforce, -1);
	);
</action>
<action name="viewControlMoveRight">
	if(%1,
		if(%2,
			set(isfullhorizontal, false);
			ifnot(scene[get(xml.scene)].planar,
				sub(viewhfov, panoview.hmax, panoview.hmin);
				if (viewhfov == 360,
					set(isfullhorizontal, true);
				);
			);
			if(isfullhorizontal == false AND calc(view.hlookat+%2) GT view.hlookatmax,
				moveto(get(view.hlookatmax), get(view.vlookat));
			,
				moveto(calc(view.hlookat+%2), get(view.vlookat));
			);
		,
			set(hlookat_moveforce, +1);
			delayedcall(0.1, viewControlMoveHoriStop());
			
		);
	,
		set(hlookat_moveforce, +1);
	);
</action>
<action name="viewControlMoveHoriStop">
	set(hlookat_moveforce, 0);
</action>
<action name="viewControlMoveVertStop">
	set(vlookat_moveforce, 0);
</action>

  <!-- Sounds Management -->

  <action name="play3DLocalSounds">
    if (xml.scene, if (scene[get(xml.scene)].haslocalsounds, playpanolocalsounds();););
  </action>
  <action name="stop3DLocalSounds">
    if (xml.scene, if (scene[get(xml.scene)].haslocalsounds, stoppanolocalsounds();););
  </action>
  <action name="resume3DLocalSounds">
    if (xml.scene, if (scene[get(xml.scene)].haslocalsounds, 
      set(kill3dSoundOnResume, true);
      if(layer[displayedStandardVideo],
      if(layer[displayedStandardVideo].pausebgsound,
      if(tour_current_played_video,
        set(kill3dSoundOnResume, false);
      );););
      if(layer[webvideodisplay_player],
      if(layer[webvideodisplay_player].pausebgsound,
      if(tour_current_played_web_video,
        set(kill3dSoundOnResume, false);
      );););
      if(tour_current_played_sound_pausesound,
      if(tour_current_played_sound,
        set(kill3dSoundOnResume, false);
      ););
      if(kill3dSoundOnResume,
        resumepanolocalsounds();
      );
    ););
  </action>
  <action name="pause3DLocalSounds">
    if (xml.scene, if (scene[get(xml.scene)].haslocalsounds, pausepanolocalsounds();););
  </action>
  <action name="set3DLocalSoundsVolume">
    if (xml.scene, if (scene[get(xml.scene)].haslocalsounds, setpanolocalsoundsvolume();););
  </action>
  <action name="playTourSounds">
    set(tour_soundson, true);events.dispatch(playtoursoundsevent);
    resumeTourSoundsActions(true,true,true,true,true);
  </action>
  <action name="stopTourSounds">
    set(tour_soundson, false);events.dispatch(stoptoursoundsevent);
    pauseTourSoundsActions(true,true,true,true,true);
  </action>
  <action name="setTourSoundsVolume">
    set(tour_soundsvolume, %1);events.dispatch(changetoursoundsevent);
    set3DLocalSoundsVolume();
  </action>
  <action name="playTourSoundsActions">
    if(%1,
        play3DLocalSounds();
    );
  </action>
  <action name="stopTourSoundsActions">
    if(%1,
      stop3DLocalSounds();
    );
    if(%3,
      stopVideoActionsSounds();
    );
  </action>
  <action name="resumeTourSoundsActions">
    if(%1,
        resume3DLocalSounds();
    );
    if(%3,
      resumeVideoActionsSounds();
    );
  </action>
  <action name="pauseTourSoundsActions">
    if(%1,
      pause3DLocalSounds();
    );
    if(%3,
      pauseVideoActionsSounds();
    );
  </action>
  <action name="stopVideoActionsSounds">
    if(tour_current_played_video,
      if(layer[displayedStandardVideo],
        layer[displayedStandardVideo].stop();
        removelayer(displayedStandardVideo);
        if(layer[displayedStandardVideoOverlayButton], removelayer(displayedStandardVideoOverlayButton); );
        if(layer[displayedStandardVideoOverlay], removelayer(displayedStandardVideoOverlay); );
        delete(tour_current_played_video);
        set(tour_current_played_video_state, 0);
      );
    );
    if(tour_current_played_web_video,
      displayWebVideoObjectClose();
    );
  </action>
  <action name="resumeVideoActionsSounds">
    if(tour_current_played_video,
      set(resumeVideoActionsVerification, true);
      if(tour_current_played_sound,
        if(tour_current_played_video_state LT tour_current_played_sound_state,
          set(resumeVideoActionsVerification, false);
        );
      );
      if(resumeVideoActionsVerification,
        if (tour_soundson,
          div(volume, tour_soundsvolume, 100);
          if(device.flash,
            set(layer[displayedStandardVideo].volume, get(volume));
          ,
            ifnot(device.ios,
              js(kpanotour.Sounds.startVideosSounds(get(volume)));
            );
          );
        ,
          if(device.flash,
            set(layer[displayedStandardVideo].volume, 0);
          ,
            ifnot(device.ios,
              js(kpanotour.Sounds.stopVideosSounds());
            );
          );
        );
      );
    );
  </action>
  <action name="pauseVideoActionsSounds">
    if(tour_current_played_video,
      if(device.flash,
        set(layer[displayedStandardVideo].volume, 0);
      ,
        ifnot(device.ios,
          js(kpanotour.Sounds.stopVideosSounds());
        );
      );
    );
  </action>

</krpano>