<?xml version="1.0" encoding="UTF-8"?>
<krpano version="1.19"
        onstart="startup"
        logkey="false"
        bgcolor="#ffffff"
        projectfloorplanurl=""
        projecttitleid="project_title"
        projectdescriptionid="">


  <security cors="">
    <!--
    <crossdomainxml url="http://RESSOURCES_URL/crossdomain.xml" />
    -->
    <allowdomain domain="*" />
  </security>

  <krpano tour_firststartactiondone="false" />
  <events name="startbehavioursevents" onxmlcomplete="startbehavioursxmlcompleteaction();" keep="true"/>

  <!-- generated by Panotour Pro V2.5.1 64bits : 13-03-2020 20-19-08 -->
  <!-- Plugins and Spot Styles -->
  <include url="%FIRSTXML%/Online museum_skin_vr.xml"/>
  <!-- Core actions -->
  <include url="%FIRSTXML%/Online museum_core_vr.xml"/>
  <!-- Tour Messages -->
  <include url="%FIRSTXML%/Online museum_messages_ru.xml"/>

  <action name="startup">

    if (s !== null, if (startscene === null, set(startscene, get(s));); );
    if (startscene === null,
      set(startscene, pano607);
    );
    mainloadsceneStartup(get(startscene));
    if (h !== null,
      if (v !== null,
        if (f !== null,
          lookat(get(h), get(v), get(f));
         ,
          lookat(get(h), get(v));
        );
      ,
        if (f !== null,
          lookat(get(h), get(view.vlookat), get(f));
         ,
          lookat(get(h), get(view.vlookat));
        );
      );
    ,
      if (v !== null,
        if (f !== null,
          lookat(get(view.hlookat), get(v), get(f));
         ,
          lookat(get(view.hlookat), get(v));
        );
      ,
        if (f !== null,
          lookat(get(view.hlookat), get(view.vlookat), get(f));
        );
      );
    );
  </action>

  <!-- 8 Groups -->
  <panoramagroup name="panogroup653"
                 mainscene="pano35"
                 color="808080"
                 alpha="1"
                 thumburl="%FIRSTXML%/pano_35/thumbnail.jpg"
                 floorplanurl=""
                 titleid="panogroup653_title"
                 descriptionid=""/>
  <panoramagroup name="panogroup1217"
                 mainscene="pano645"
                 color="808080"
                 alpha="1"
                 thumburl="%FIRSTXML%/pano_645/thumbnail.jpg"
                 floorplanurl=""
                 titleid="panogroup1217_title"
                 descriptionid=""/>

  <!-- Group Group 610 : 1 panoramas -->
  

<!-- **** @PanoName="стартовая страничка" @PanoFile="D:/Иван/Проект Лаборантской/Основные фотографии для работы/стартовая страничка.jpg" **** -->
<!-- **** Width="0px" Height="0px" **** -->
<!-- Planar panorama or video is not compatible with VR Headset -->

  <!-- Group Group 322 : 1 panoramas -->
  

<!-- **** @PanoName="Вход в лаборантскую" @PanoFile="D:/Иван/Проект Лаборантской/Основные фотографии для работы/4 с совой.jpg" **** -->
<!-- **** Width="0px" Height="0px" **** -->
<!-- Partial panorama or video is not compatible with VR Headset -->

  <!-- Group Group 13 : 1 panoramas -->
  

<!-- **** @PanoName="Лаборантская" @PanoFile="D:/Иван/Проект Лаборантской/Основные фотографии для работы/центральная 3.png" **** -->
<!-- **** Width="0px" Height="0px" **** -->
<!-- Partial panorama or video is not compatible with VR Headset -->

  <!-- Group Group 608 : 1 panoramas -->
  

<!-- **** @PanoName="Истории на музейном уроке" @PanoFile="D:/Иван/Проект Лаборантской/Основные фотографии для работы/Истории на музейном уроке.jpg" **** -->
<!-- **** Width="0px" Height="0px" **** -->
<!-- Planar panorama or video is not compatible with VR Headset -->

  <!-- Group Group 609 : 1 panoramas -->
  

<!-- **** @PanoName="Истории о физической лаборантской" @PanoFile="D:/Иван/Проект Лаборантской/Основные фотографии для работы/Истории о физической лаборантской.jpg" **** -->
<!-- **** Width="0px" Height="0px" **** -->
<!-- Planar panorama or video is not compatible with VR Headset -->

  <!-- Group Group 911 : 1 panoramas -->
  

<!-- **** @PanoName="Награды" @PanoFile="D:/Иван/Проект Лаборантской/Основные фотографии для работы/Награды.jpg" **** -->
<!-- **** Width="0px" Height="0px" **** -->
<!-- Planar panorama or video is not compatible with VR Headset -->

  <!-- Group Темы музейных уроков : 10 panoramas -->
  

<!-- **** @PanoName="1 слева (низ)" @PanoFile="D:/Иван/Проект Лаборантской/Основные фотографии для работы/1 слева (низ).jpg" **** -->
<!-- **** Width="0px" Height="0px" **** -->
<!-- Planar panorama or video is not compatible with VR Headset -->


<!-- **** @PanoName="1 справа (верх)" @PanoFile="D:/Иван/Проект Лаборантской/Основные фотографии для работы/1 справа (верх).jpg" **** -->
<!-- **** Width="0px" Height="0px" **** -->
<!-- Planar panorama or video is not compatible with VR Headset -->


<!-- **** @PanoName="2 справа (низ)" @PanoFile="D:/Иван/Проект Лаборантской/Основные фотографии для работы/2 спрва (низ).jpg" **** -->
<!-- **** Width="0px" Height="0px" **** -->
<!-- Planar panorama or video is not compatible with VR Headset -->


<!-- **** @PanoName="2 слева (низ)" @PanoFile="D:/Иван/Проект Лаборантской/Основные фотографии для работы/2 слева (низ).jpg" **** -->
<!-- **** Width="0px" Height="0px" **** -->
<!-- Planar panorama or video is not compatible with VR Headset -->


<!-- **** @PanoName="1 слева (верх)" @PanoFile="D:/Иван/Проект Лаборантской/Основные фотографии для работы/1 слева (верх).jpg" **** -->
<!-- **** Width="0px" Height="0px" **** -->
<!-- Planar panorama or video is not compatible with VR Headset -->


<!-- **** @PanoName="центральный (верх)" @PanoFile="D:/Иван/Проект Лаборантской/Основные фотографии для работы/центральный (верх).jpg" **** -->
<!-- **** Width="0px" Height="0px" **** -->
<!-- Planar panorama or video is not compatible with VR Headset -->


<!-- **** @PanoName="центральный (низ)" @PanoFile="D:/Иван/Проект Лаборантской/Основные фотографии для работы/центральный (низ).jpg" **** -->
<!-- **** Width="0px" Height="0px" **** -->
<!-- Planar panorama or video is not compatible with VR Headset -->


<!-- **** @PanoName="2 справа (верх)" @PanoFile="D:/Иван/Проект Лаборантской/Основные фотографии для работы/2 справа (верх).jpg" **** -->
<!-- **** Width="0px" Height="0px" **** -->
<!-- Planar panorama or video is not compatible with VR Headset -->


<!-- **** @PanoName="2 слева (верх)" @PanoFile="D:/Иван/Проект Лаборантской/Основные фотографии для работы/2 слева (верх).jpg" **** -->
<!-- **** Width="0px" Height="0px" **** -->
<!-- Planar panorama or video is not compatible with VR Headset -->


<!-- **** @PanoName="1 справа (низ) (1)" @PanoFile="D:/Иван/Проект Лаборантской/Основные фотографии для работы/1 справа (низ) (1).jpg" **** -->
<!-- **** Width="0px" Height="0px" **** -->
<!-- Planar panorama or video is not compatible with VR Headset -->

  <!-- Group Group 1217 : 5 panoramas -->
  

<!-- **** @PanoName="Теплота. Жидкость и газ" @PanoFile="D:/Иван/Проект Лаборантской/Основные фотографии для работы/Теплота. Жидкость и газ.jpg" **** -->
<!-- **** Width="0px" Height="0px" **** -->
<!-- Planar panorama or video is not compatible with VR Headset -->


<!-- **** @PanoName="Оптика" @PanoFile="D:/Иван/Проект Лаборантской/Основные фотографии для работы/Оптика.jpg" **** -->
<!-- **** Width="0px" Height="0px" **** -->
<!-- Planar panorama or video is not compatible with VR Headset -->


<!-- **** @PanoName="Электричество и магнетизм" @PanoFile="D:/Иван/Проект Лаборантской/Основные фотографии для работы/Электричество и магнетизм.jpg" **** -->
<!-- **** Width="0px" Height="0px" **** -->
<!-- Planar panorama or video is not compatible with VR Headset -->


<!-- **** @PanoName="Колебания и волны" @PanoFile="D:/Иван/Проект Лаборантской/Основные фотографии для работы/Колебания и волны.jpg" **** -->
<!-- **** Width="0px" Height="0px" **** -->
<!-- Planar panorama or video is not compatible with VR Headset -->


<!-- **** @PanoName="Механика" @PanoFile="D:/Иван/Проект Лаборантской/Основные фотографии для работы/Механика.jpg" **** -->
<!-- **** Width="0px" Height="0px" **** -->
<!-- Planar panorama or video is not compatible with VR Headset -->

  <krpano nofullspherepanoavailable="true" />


  <!-- Awake HTML5 plugins -->
  <events name="eventKrpanoLoadedEvts" onxmlcomplete="eventKrpanoLoadedAction();" keep="true" />
  <action name="eventKrpanoLoadedAction">
    
    set(events[eventKrpanoLoadedEvts].name, null);
    js(eventKrpanoLoaded('webvr'));
  </action>

</krpano>

